"SA_code","SA_name","State","cases","tested","person_years","case_rate_1M","test_rate_1M","positivity","positivity_eb","positivity_mapped","expected","spr","spr_lo","spr_hi","is_top30"
12202,"Pittwater","NSW",492,942,698858,704.00567783441,1347.91331000003,0.522292993630573,0.521154443857804,0.521154443857804,335.791798107256,1.46519361929993,1.33856950109051,1.60056778911754,TRUE
30904,"Gold Coast Hinterland","QLD",96,141,218175,440.013750429701,646.270195943623,0.680851063829787,0.666530068257782,0.666530068257782,50.2618296529968,1.90999811711542,1.54710460705161,2.3324346090998,TRUE
10402,"Coffs Harbour","NSW",431,716,999117,431.38090934295,716.632786750701,0.60195530726257,0.599742580314583,0.599742580314583,255.230283911672,1.68867108320562,1.53298957460295,1.85587620974937,TRUE
31606,"Sunshine Coast Hinterland","QLD",251,430,623212,402.752193475094,689.973877268089,0.583720930232558,0.580330481766028,0.580330481766028,153.280757097792,1.63751800782054,1.44118584498212,1.85313230071245,TRUE
11202,"Richmond Valley: Hinterland","NSW",303,564,788874,384.091756097932,714.943070756547,0.537234042553192,0.535170580157502,0.535170580157502,201.047318611987,1.50710788928639,1.34217115926393,1.68671840336002,TRUE
11201,"Richmond Valley: Coastal","NSW",258,593,937084,275.322169624068,632.81413405842,0.435075885328836,0.43422196717477,0.43422196717477,211.384858044164,1.22052261636497,1.07612203211218,1.37890126385966,TRUE
12203,"Warringah","NSW",455,1143,1739254,261.606412864366,657.178307481253,0.398075240594926,0.397839513730005,0.397839513730005,407.441640378549,1.11672434750966,1.01645870140673,1.224205585308,TRUE
12103,"Ku-ring-gai","NSW",290,579,1374082,211.049995560672,421.372232515963,0.500863557858377,0.499257492508531,0.499257492508531,206.394321766562,1.40507741452306,1.24799957007952,1.57645483252767,TRUE
10104,"South Coast","NSW",163,225,820247,198.720629273865,274.307617095826,0.724444444444444,0.714093280952049,0.714093280952049,80.205047318612,2.03229105211406,1.73227304682104,2.36934105034102,TRUE
11401,"Shoalhaven","NSW",213,370,1159098,183.763581681618,319.213733437552,0.575675675675676,0.57188409072564,0.57188409072564,131.892744479495,1.61494857689548,1.40533789268259,1.84700752389581,TRUE
31608,"Noosa Hinterland","QLD",42,71,261971,160.323089196896,271.022365070943,0.591549295774648,0.571798209348073,0.571798209348073,25.3091482649842,1.65947899788109,1.1960064959735,2.24313351773421,TRUE
12102,"Hornsby","NSW",152,291,950708,159.880846695305,306.087673607459,0.52233676975945,0.518705950920097,0.518705950920097,103.731861198738,1.4653164249004,1.24162984280418,1.71766163542776,TRUE
10802,"Kempsey/Nambucca","NSW",78,157,556259,140.222450333388,282.242624388999,0.496815286624204,0.491225453129279,0.491225453129279,55.9652996845426,1.39372075982188,1.10167842489101,1.73942658396515,TRUE
11502,"Dural/Wisemans Ferry","NSW",41,78,304583,134.610270435316,256.08783155987,0.525641025641026,0.512604688163284,0.512604688163284,27.8044164037855,1.47458588609031,1.058188290708,2.00044225917154,TRUE
30605,"East Tablelands/Kuranda","QLD",52,97,469314,110.800018750772,206.684650362018,0.536082474226804,0.524782076905787,0.524782076905787,34.5772870662461,1.50387738345042,1.12316756158619,1.97213510736764,TRUE
12201,"Manly","NSW",49,134,489244,100.154524122933,273.89196392802,0.365671641791045,0.365245022875694,0.365245022875694,47.7665615141956,1.02582221635187,0.758908922888577,1.35619137194262,TRUE
30402,"Kenmore/Brookfield/Moggill","QLD",49,93,530078,92.4392259252412,175.445877776478,0.526881720430108,0.515729219665788,0.515729219665788,33.1514195583596,1.47806641925968,1.09348167383946,1.9540821918313,TRUE
31002,"Ipswich Hinterland","QLD",54,131,737640,73.2064421669107,177.593405997506,0.412213740458015,0.409573638879945,0.409573638879945,46.6971608832808,1.156387218807,0.86871366920872,1.50883447860611,TRUE
31303,"Caboolture Hinterland","QLD",10,26,160505,62.3033550356687,161.988723092739,0.384615384615385,0.378977083745855,0.378977083745855,9.26813880126183,1.07896528250511,0.517405791924432,1.98425557022452,TRUE
10201,"Gosford","NSW",121,396,1947936,62.117030538991,203.292099945789,0.305555555555556,0.306379270981098,0.306379270981098,141.160883280757,0.857177974434612,0.711263554245754,1.02421829965372,TRUE
30703,"Granite Belt","QLD",26,67,457587,56.8197960169323,146.420243582095,0.388059701492537,0.385260914339801,0.385260914339801,23.8832807570978,1.08862765816933,0.711127729407481,1.59509174935288,TRUE
12401,"Blue Mountains","NSW",47,96,864286,54.380147312348,111.074343446498,0.489583333333333,0.48112670213729,0.48112670213729,34.2208201892744,1.37343289085546,1.0091468286283,1.82637458701927,TRUE
10804,"Port Macquarie","NSW",47,91,926499,50.7286030529984,98.2192101664438,0.516483516483517,0.505796724871838,0.505796724871838,32.4384858044164,1.44889623650686,1.06459445657491,1.9267248390533,TRUE
12104,"North Sydney/Mosman","NSW",51,206,1083981,47.0487951357081,190.040231332468,0.247572815533981,0.250909860037694,0.250909860037694,73.4321766561514,0.694518429418335,0.517114588827999,0.913163471792396,TRUE
10805,"Taree/Gloucester","NSW",28,49,620158,45.1497844097794,79.012122717114,0.571428571428571,0.546210430866064,0.546210430866064,17.4668769716088,1.60303413400759,1.06520454034799,2.31683065089688,TRUE
12101,"Chatswood/Lane Cove","NSW",58,184,1307611,44.3556990572884,140.714631492087,0.315217391304348,0.31662745056276,0.31662745056276,65.589905362776,0.884282416313967,0.671472712708694,1.14314008123645,TRUE
11503,"Hawkesbury","NSW",12,16,277119,43.3026966754355,57.7369289005806,0.75,0.636158317896717,NA,5.70347003154574,2.10398230088496,1.08715835700495,3.67523366165492,TRUE
31903,"Gympie/Cooloola","QLD",23,51,578838,39.7347789882489,88.1075534087258,0.450980392156863,0.44027815877901,0.44027815877901,18.1798107255521,1.26513968419226,0.801990034833101,1.89833070408851,TRUE
30404,"The Gap/Enoggera","QLD",22,98,595341,36.9536114596509,164.611541956627,0.224489795918367,0.232713599772129,0.232713599772129,34.9337539432177,0.629763409788694,0.394669376060754,0.953469370662697,TRUE
31301,"Bribie/Beachmere","QLD",14,62,397956,35.1797686176361,155.796118163817,0.225806451612903,0.238226317259615,0.238226317259615,22.1009463722397,0.633457036825578,0.346316856635354,1.06283327085668,TRUE
11102,"Lake Macquarie - West","NSW",31,182,902924,34.3329006649508,201.567352291001,0.17032967032967,0.176760031169398,0.176760031169398,64.8769716088328,0.477827482252261,0.324660591529124,0.678237969684424,FALSE
30905,"Mudgeeraba - Tallebudgera","QLD",12,18,393638,30.484861725748,45.727292588622,0.666666666666667,0.584253330049293,NA,6.41640378548896,1.87020648967552,0.966362984004397,3.26687436591548,FALSE
30604,"Port Douglas - Daintree","QLD",4,9,134782,29.6775533824991,66.7744951106231,0.444444444444444,0.407509740039545,NA,3.20820189274448,1.24680432645034,0.339712215771431,3.19231426755454,FALSE
11203,"Tweed Valley","NSW",29,76,1053961,27.5152496154981,72.1089300268226,0.381578947368421,0.379596939707069,0.379596939707069,27.0914826498423,1.07044713553796,0.716895246693374,1.53734064602142,FALSE
31403,"Strathpine","QLD",12,61,439303,27.3159982973028,138.856324677956,0.19672131147541,0.212130766299167,0.212130766299167,21.7444794952681,0.551864210068185,0.285156290361953,0.963995714532438,FALSE
12002,"Leichhardt","NSW",17,64,639211,26.5952870022575,100.123433420263,0.265625,0.274015012663865,0.274015012663865,22.813880126183,0.745160398230089,0.434083391989147,1.19307398238971,FALSE
60302,"Huon - Bruny Island","TAS",6,12,233094,25.7406883060053,51.4813766120106,0.5,0.449507002584359,NA,4.27760252365931,1.40265486725664,0.514749615307227,3.05298913358291,FALSE
10801,"Great Lakes","NSW",9,21,359407,25.041248501003,58.4295798356738,0.428571428571429,0.411503686662476,0.411503686662476,7.48580441640379,1.20227560050569,0.549756962439499,2.28229359211963,FALSE
31905,"Maryborough","QLD",13,60,519989,25.0005288573412,115.387056264652,0.216666666666667,0.230354894150711,0.230354894150711,21.3880126182965,0.607817109144543,0.323637011747523,1.03938576785492,FALSE
60303,"South East Coast","TAS",2,2,80625,24.8062015503876,24.8062015503876,1,0.507665584931124,NA,0.712933753943218,2.80530973451327,0.339736023444411,10.133743321542,FALSE
10401,"Clarence Valley","NSW",14,56,580037,24.1363912991757,96.545565196703,0.25,0.26109150154298,0.26109150154298,19.9621451104101,0.701327433628319,0.383422234131999,1.17670826416275,FALSE
31401,"The Hills District","QLD",24,72,998794,24.028978948612,72.0869368458361,0.333333333333333,0.335252205019101,0.335252205019101,25.6656151419558,0.935103244837758,0.5991382933795,1.39135950555799,FALSE
12502,"Carlingford","NSW",19,56,798912,23.7823439878234,70.0953296483217,0.339285714285714,0.341075612682862,0.341075612682862,19.9621451104101,0.951801517067004,0.573046689175767,1.48635597063727,FALSE
30603,"Innisfail - Cassowary Coast","QLD",9,27,394027,22.8410743426212,68.5232230278636,0.333333333333333,0.337828838908842,0.337828838908842,9.62460567823344,0.935103244837758,0.427588748564055,1.77511723831527,FALSE
12602,"Ryde - Hunters Hill","NSW",36,150,1609882,22.361887392989,93.174530804121,0.24,0.244846137654894,0.244846137654894,53.4700315457413,0.673274336283186,0.471553067922651,0.9320954756984,FALSE
30401,"Centenary","QLD",8,32,372203,21.4936472838747,85.9745891354986,0.25,0.268003455327825,0.268003455327825,11.4069400630915,0.701327433628319,0.302783407087742,1.38189463019947,FALSE
30902,"Coolangatta","QLD",13,25,629686,20.6452104699803,39.7023278268851,0.52,0.486203934349072,0.486203934349072,8.91167192429022,1.4587610619469,0.776728828194055,2.49452584285181,FALSE
30502,"Brisbane Inner - East","QLD",10,67,490781,20.3756869153451,136.517102332812,0.149253731343284,0.167610605052961,0.167610605052961,23.8832807570978,0.418702945449742,0.200784337164705,0.770009624266231,FALSE
30304,"Nathan","QLD",9,38,450490,19.9782459100091,84.3525938422607,0.236842105263158,0.254343879156677,0.254343879156677,13.5457413249211,0.664415463437354,0.30381305819025,1.26126751143453,FALSE
30102,"Cleveland - Stradbroke","QLD",20,64,1005687,19.8869031816062,63.6380901811399,0.3125,0.316560711500905,0.316560711500905,22.813880126183,0.876659292035398,0.53548627054384,1.35392917521403,FALSE
20502,"Gippsland - East","VIC",10,17,520420,19.2152492217824,32.6659236770301,0.588235294117647,0.52404060279247,NA,6.05993690851735,1.65018219677251,0.79132650529619,3.03474381328456,FALSE
31101,"Beaudesert","QLD",3,5,162415,18.4712003201675,30.7853338669458,0.6,0.462236652268717,NA,1.78233438485804,1.68318584070796,0.347113385766205,4.91898329753684,FALSE
30101,"Capalaba","QLD",15,48,824078,18.2021604751007,58.2469135203221,0.3125,0.317752575469035,0.317752575469035,17.1104100946372,0.876659292035398,0.490659550901975,1.44591618404517,FALSE
10601,"Lower Hunter","NSW",19,59,1048486,18.1213673811572,56.2716144993829,0.322033898305085,0.325456789470709,0.325456789470709,21.0315457413249,0.903404829758512,0.543908721929542,1.41077854840147,FALSE
10202,"Wyong","NSW",33,176,1833347,17.9998658191821,95.9992843689711,0.1875,0.193529083161397,0.193529083161397,62.7381703470032,0.525995575221239,0.36207115137547,0.738693350680142,FALSE
10604,"Upper Hunter","NSW",6,16,339810,17.6569259291957,47.0851358111886,0.375,0.369638718377901,NA,5.70347003154574,1.05199115044248,0.38606221148042,2.28974185018718,FALSE
31304,"Narangba - Burpengary","QLD",13,41,754726,17.2247941637097,54.3243508240077,0.317073170731707,0.322472773869232,0.322472773869232,14.615141955836,0.889488452406648,0.473615139142716,1.52105234320232,FALSE
80105,"North Canberra","ACT",11,35,648956,16.9503017153705,53.9327781852699,0.314285714285714,0.320903042120709,0.320903042120709,12.4763406940063,0.881668773704172,0.440125875199514,1.57754897818375,FALSE
30702,"Darling Downs - East","QLD",8,31,477473,16.754874097593,64.9251371281727,0.258064516129032,0.275147848744532,0.275147848744532,11.0504731861199,0.723950899229232,0.312550613767992,1.42647187633494,FALSE
10603,"Port Stephens","NSW",13,43,827182,15.7160092942061,51.9837230500664,0.302325581395349,0.309446838062426,0.309446838062426,15.3280757097792,0.848116896480757,0.451586528019799,1.45030572258826,FALSE
11101,"Lake Macquarie - East","NSW",21,50,1380390,15.2130919522744,36.2216475054151,0.42,0.412678527377367,0.412678527377367,17.8233438485804,1.17823008849558,0.729342995035779,1.80104984831452,FALSE
30501,"Brisbane Inner","QLD",14,54,927315,15.0973509540987,58.2326393943805,0.259259259259259,0.269720854669636,0.269720854669636,19.2492113564669,0.727302523762701,0.397623057618369,1.22029005172433,FALSE
70202,"Barkly","NT",1,11,67083,14.9069063697211,163.975970066932,0.0909090909090909,0.189663181405205,NA,3.9211356466877,0.255028157683025,0.00645675392680603,1.42092594925795,FALSE
30504,"Brisbane Inner - West","QLD",10,25,674233,14.8316679842132,37.0791699605329,0.4,0.391003362153109,0.391003362153109,8.91167192429022,1.12212389380531,0.538102023601409,2.0636257930335,FALSE
30403,"Sherwood - Indooroopilly","QLD",9,30,612076,14.7040563590142,49.0135211967141,0.3,0.310071526799478,0.310071526799478,10.6940063091483,0.841592920353982,0.384829873707649,1.59760551448374,FALSE
11801,"Eastern Suburbs - North","NSW",21,99,1464013,14.3441349222992,67.6223503479819,0.212121212121212,0.221030485587698,0.221030485587698,35.2902208201893,0.595065701260391,0.368355047997868,0.909621135512385,FALSE
11001,"Armidale","NSW",6,20,418485,14.3374314491559,47.791438163853,0.3,0.313870323158533,0.313870323158533,7.12933753943218,0.841592920353982,0.308849769184336,1.83179348014974,FALSE
30910,"Surfers Paradise","QLD",7,31,496173,14.10798249804,62.4782082056057,0.225806451612903,0.248490008053753,0.248490008053753,11.0504731861199,0.633457036825578,0.254682582738167,1.30516359967447,FALSE
31605,"Noosa","QLD",7,24,499173,14.0231943634772,48.0795235319218,0.291666666666667,0.305497295743514,0.305497295743514,8.55520504731861,0.818215339233038,0.328965002703465,1.68583631624619,FALSE
31302,"Caboolture","QLD",11,24,851486,12.9185917325711,28.1860183256096,0.458333333333333,0.436591472208472,0.436591472208472,8.55520504731861,1.28576696165192,0.641850234665958,2.3005922598513,FALSE
11302,"Tumut - Tumbarumba","NSW",2,21,163158,12.2580566077054,128.709594380907,0.0952380952380952,0.157073101862403,0.157073101862403,7.48580441640379,0.267172355667931,0.0323558117566106,0.96511841157543,FALSE
10105,"Goulburn - Mulwaree","NSW",5,22,413528,12.0910796850516,53.2007506142268,0.227272727272727,0.256781486246502,0.256781486246502,7.8422712933754,0.637570394207562,0.207017371547683,1.4878766167117,FALSE
31602,"Caloundra","QLD",12,49,1008829,11.8949792283925,48.5711651826028,0.244897959183673,0.257986619739177,0.257986619739177,17.4668769716088,0.687014628860394,0.354990483919982,1.20007629768324,FALSE
31203,"Whitsunday","QLD",3,15,254348,11.7948637300077,58.9743186500385,0.2,0.24736694165588,NA,5.34700315457413,0.561061946902655,0.115704461922068,1.63966109917895,FALSE
31603,"Maroochy","QLD",8,29,684330,11.6902663919454,42.3772156708021,0.275862068965517,0.290643716530631,0.290643716530631,10.3375394321767,0.773878547451938,0.334105828510612,1.52484924711666,FALSE
11002,"Inverell - Tenterfield","NSW",5,22,428945,11.6565060788679,51.2886267470188,0.227272727272727,0.256781486246502,0.256781486246502,7.8422712933754,0.637570394207562,0.207017371547683,1.4878766167117,FALSE
31607,"Nambour","QLD",6,32,526299,11.4003636716011,60.8019395818727,0.1875,0.2160721503999,0.2160721503999,11.4069400630915,0.525995575221239,0.19303110574021,1.14487092509359,FALSE
30602,"Cairns - South","QLD",13,70,1170566,11.1057385914165,59.8001308768579,0.185714285714286,0.20024802950262,0.20024802950262,24.9526813880126,0.520986093552465,0.277403152926448,0.890902086732789,FALSE
11402,"Southern Highlands","NSW",6,19,560023,10.7138456813381,33.927177990904,0.31578947368421,0.326172973272657,NA,6.77287066246057,0.885887284583139,0.325105020194038,1.92820366331552,FALSE
30907,"Ormeau - Oxenford","QLD",17,70,1611305,10.5504544453099,43.4430477159818,0.242857142857143,0.252527126517843,0.252527126517843,24.9526813880126,0.681289506953224,0.396876244104363,1.09081049818488,FALSE
21102,"Manningham - East","VIC",3,11,297272,10.0917678086063,37.0031486315563,0.272727272727273,0.303867871458229,NA,3.9211356466877,0.765084473049075,0.157778811711911,2.23590149888038,FALSE
31305,"Redcliffe","QLD",7,49,699091,10.0130025990894,70.0910181936257,0.142857142857143,0.167916678762024,0.167916678762024,17.4668769716088,0.400758533501896,0.161125715609861,0.825715746732825,FALSE
30103,"Wynnum - Manly","QLD",8,42,806182,9.92331756352784,52.0974172085212,0.19047619047619,0.212759153059202,0.212759153059202,14.9716088328076,0.534344711335862,0.230692119685899,1.0528720991996,FALSE
11703,"Sydney Inner City","NSW",25,134,2527649,9.89061376797174,53.0136897963285,0.186567164179104,0.194441611013093,0.194441611013093,47.7665615141956,0.523378681812178,0.338703087159021,0.772610180168876,FALSE
31202,"Mackay","QLD",13,62,1334581,9.74088496689223,46.4565283036399,0.209677419354839,0.22363042262227,0.22363042262227,22.1009463722397,0.588210105623751,0.313197108142764,1.00585719469831,FALSE
30901,"Broadbeach - Burleigh","QLD",7,19,733773,9.53973504067334,25.8935665389705,0.368421052631579,0.365369575201505,NA,6.77287066246057,1.033535165347,0.415534740257009,2.12947745210044,FALSE
10703,"Kiama - Shellharbour","NSW",10,39,1063662,9.40148280186751,36.6657829272833,0.256410256410256,0.270727455163205,0.270727455163205,13.9022082018927,0.719310188336737,0.344937194616288,1.32283704681635,FALSE
30302,"Holland Park - Yeronga","QLD",8,45,868431,9.21201569266873,51.8175882712616,0.177777777777778,0.200368403154074,0.200368403154074,16.0410094637224,0.498721730580138,0.215312645040172,0.982680625919623,FALSE
80106,"South Canberra","ACT",3,15,332145,9.0321997922594,45.160998961297,0.2,0.24736694165588,NA,5.34700315457413,0.561061946902655,0.115704461922068,1.63966109917895,FALSE
70201,"Alice Springs","NT",4,22,443675,9.01560827182059,49.5858454950132,0.181818181818182,0.22170904578051,0.22170904578051,7.8422712933754,0.51005631536605,0.138973179179222,1.30594674581777,FALSE
11501,"Baulkham Hills","NSW",15,85,1684942,8.90238358352988,50.4468403066693,0.176470588235294,0.189279895446238,0.189279895446238,30.2996845425867,0.495054659031754,0.277078334626997,0.816517374519626,FALSE
12601,"Pennant Hills - Epping","NSW",5,13,582035,8.59054867834409,22.3354265636946,0.384615384615385,0.375220608245112,NA,4.63406940063092,1.07896528250511,0.350337090311463,2.51794504366595,FALSE
30805,"Gladstone","QLD",6,27,707879,8.47602485735556,38.1421118581,0.222222222222222,0.248309777304342,0.248309777304342,9.62460567823344,0.623402163225172,0.228777606803212,1.35688405937018,FALSE
30503,"Brisbane Inner - North","QLD",9,57,1083071,8.30970453460576,52.6281287191698,0.157894736842105,0.178255863050781,0.178255863050781,20.3186119873817,0.44294364229157,0.2025420387935,0.840845007623021,FALSE
11103,"Newcastle","NSW",16,55,1938380,8.25431545930106,28.3742093913474,0.290909090909091,0.297849796240024,0.297849796240024,19.6056782334385,0.81609010458568,0.466466007691772,1.32527920167769,FALSE
31501,"Far North","QLD",3,18,366086,8.19479575837371,49.1687745502423,0.166666666666667,0.217092453986789,NA,6.41640378548896,0.467551622418879,0.0964203849350569,1.36638424931579,FALSE
10303,"Lithgow - Mudgee","NSW",4,16,525411,7.61308765899458,30.4523506359783,0.25,0.28079885187163,NA,5.70347003154574,0.701327433628319,0.19108812137143,1.79567677549943,FALSE
31701,"Toowoomba","QLD",13,63,1766383,7.35967227945468,35.6661041235112,0.206349206349206,0.220413293414916,0.220413293414916,22.4574132492114,0.578873437280517,0.308225725473831,0.989891207480877,FALSE
80109,"Woden Valley","ACT",3,16,413459,7.25585850108475,38.6979120057853,0.1875,0.236378918618494,NA,5.70347003154574,0.525995575221239,0.108472933051939,1.53718228048026,FALSE
10102,"Queanbeyan","NSW",5,15,690200,7.24427702115329,21.7328310634599,0.333333333333333,0.340336510191058,NA,5.34700315457413,0.935103244837758,0.303625478269935,2.18221903784383,FALSE
31901,"Bundaberg","QLD",7,42,1024089,6.83534341253543,41.0120604752126,0.166666666666667,0.192145873203893,0.192145873203893,14.9716088328076,0.467551622418879,0.187980001544837,0.963335037854963,FALSE
10602,"Maitland","NSW",6,35,912482,6.57547217369767,38.3569210132364,0.171428571428571,0.200457148448322,0.200457148448322,12.4763406940063,0.480910240202276,0.176485582391049,1.04673913151414,FALSE
30804,"Biloela","QLD",1,5,161810,6.18008775724615,30.9004387862308,0.2,0.288511166418026,NA,1.78233438485804,0.561061946902655,0.0142048586389733,3.12603708836749,FALSE
30801,"Central Highlands (Qld)","QLD",2,14,328088,6.09592548340689,42.6714783838482,0.142857142857143,0.210675355855744,NA,4.99053627760252,0.400758533501896,0.0485337176349159,1.44767761736314,FALSE
10304,"Orange","NSW",4,15,664814,6.0167204661755,22.5627017481581,0.266666666666667,0.293851725923469,NA,5.34700315457413,0.748082595870207,0.203827329462859,1.91538856053273,FALSE
30204,"Sandgate","QLD",4,36,677172,5.90691877395994,53.1622689656394,0.111111111111111,0.148696807017868,0.148696807017868,12.8328075709779,0.311701081612586,0.0849280539428577,0.798078566888636,FALSE
30303,"Mt Gravatt","QLD",5,12,865957,5.77395875314825,13.8575010075558,0.416666666666667,0.395489200717616,NA,4.27760252365931,1.1688790560472,0.379531847837418,2.72777379730478,FALSE
60402,"Devonport","TAS",3,12,523566,5.72993662690091,22.9197465076036,0.25,0.287453596984129,NA,4.27760252365931,0.701327433628319,0.144630577402585,2.04957637397368,FALSE
11504,"Rouse Hill - McGraths Hill","NSW",3,15,533586,5.62233641812191,28.1116820906096,0.2,0.24736694165588,NA,5.34700315457413,0.561061946902655,0.115704461922068,1.63966109917895,FALSE
31106,"Springwood - Kingston","QLD",5,36,890836,5.61270536888945,40.411478656004,0.138888888888889,0.172219347080488,0.172219347080488,12.8328075709779,0.389626352015733,0.126510615945806,0.909257932434928,FALSE
31004,"Springfield - Redbank","QLD",6,39,1095933,5.47478723608104,35.5861170345267,0.153846153846154,0.182839349380621,0.182839349380621,13.9022082018927,0.431586113002042,0.158384497017608,0.939381271871664,FALSE
31402,"North Lakes","QLD",5,29,917269,5.45096367586826,31.6155893200359,0.172413793103448,0.206166219122575,0.206166219122575,10.3375394321767,0.483674092157461,0.157047661174104,1.12873398509163,FALSE
12801,"Cronulla - Miranda - Caringbah","NSW",7,37,1287482,5.4369692158803,28.7382658553673,0.189189189189189,0.21422530391203,0.21422530391203,13.1892744479495,0.530734274097106,0.213382704456302,1.0935154483759,FALSE
31902,"Burnett","QLD",3,22,552820,5.42672117506602,39.7959552838175,0.136363636363636,0.186636605314518,0.186636605314518,7.8422712933754,0.382542236524537,0.0788894058559556,1.11795074944019,FALSE
11004,"Tamworth - Gunnedah","NSW",5,20,929421,5.37969337899617,21.5187735159847,0.25,0.276152145620138,0.276152145620138,7.12933753943218,0.701327433628319,0.227719108702451,1.63666427838287,FALSE
30803,"Rockhampton","QLD",7,63,1337016,5.23553944006654,47.1198549605988,0.111111111111111,0.134097777762871,0.134097777762871,22.4574132492114,0.311701081612586,0.125320001029892,0.642223358569975,FALSE
80107,"Tuggeranong","ACT",5,28,965043,5.18111628186516,29.0142511784449,0.178571428571429,0.212139901790458,0.212139901790458,9.98107255520505,0.50094816687737,0.162656506216036,1.16904591313062,FALSE
60106,"Sorell - Dodges Ferry","TAS",1,2,194668,5.13695111677317,10.2739022335463,0.5,0.390190118207677,NA,0.712933753943218,1.40265486725664,0.0355121465974332,7.81509272091872,FALSE
60104,"Hobart - South and West","TAS",2,4,391960,5.1025614858659,10.2051229717318,0.5,0.411081583228711,NA,1.42586750788644,1.40265486725664,0.169868011722206,5.06687166077101,FALSE
31503,"Outback - South","QLD",1,15,196518,5.08859239357209,76.3288859035814,0.0666666666666667,0.154397373120703,NA,5.34700315457413,0.187020648967552,0.00473495287965776,1.04201236278916,FALSE
30908,"Robina","QLD",3,24,590043,5.08437520655274,40.6750016524219,0.125,0.174403119278557,0.174403119278557,8.55520504731861,0.350663716814159,0.0723152887012927,1.02478818698684,FALSE
31201,"Bowen Basin - North","QLD",2,14,394576,5.06873200600138,35.4811240420096,0.142857142857143,0.210675355855744,NA,4.99053627760252,0.400758533501896,0.0485337176349159,1.44767761736314,FALSE
31103,"Browns Plains","QLD",5,27,1010539,4.9478545607839,26.7184146282331,0.185185185185185,0.218470090102842,0.218470090102842,9.62460567823344,0.519501802687643,0.168680821261075,1.21234390991324,FALSE
12404,"Richmond - Windsor","NSW",2,24,419077,4.77239266292352,57.2687119550822,0.0833333333333333,0.141629575162317,0.141629575162317,8.55520504731861,0.23377581120944,0.0283113352870343,0.844478610128501,FALSE
30601,"Cairns - North","QLD",3,28,629806,4.76337157791447,44.4581347272017,0.107142857142857,0.154189742028046,0.154189742028046,9.98107255520505,0.300568900126422,0.0619845331725366,0.878389874560151,FALSE
70102,"Darwin Suburbs","NT",3,16,636160,4.71579476861167,25.1509054325956,0.1875,0.236378918618494,NA,5.70347003154574,0.525995575221239,0.108472933051939,1.53718228048026,FALSE
60203,"North East","TAS",2,3,431999,4.62964034638969,6.94446051958454,0.666666666666667,0.454296850399456,NA,1.06940063091483,1.87020648967552,0.226490682296274,6.75582888102801,FALSE
10701,"Dapto - Port Kembla","NSW",4,10,871127,4.59175298205658,11.4793824551414,0.4,0.382830750061511,NA,3.56466876971609,1.12212389380531,0.305740994194288,2.87308284079909,FALSE
70205,"Katherine","NT",1,4,231368,4.32211887555755,17.2884755022302,0.25,0.315955968484198,NA,1.42586750788644,0.701327433628319,0.0177560732987166,3.90754636045936,FALSE
31801,"Charters Towers - Ayr - Ingham","QLD",2,11,468110,4.27250005340625,23.4987502937344,0.181818181818182,0.246765526431717,NA,3.9211356466877,0.51005631536605,0.061770186080802,1.84249878573491,FALSE
30305,"Rocklea - Acacia Ridge","QLD",3,9,737695,4.06672134147581,12.2001640244274,0.333333333333333,0.343045247639004,NA,3.20820189274448,0.935103244837758,0.192840769870114,2.73276849863158,FALSE
12303,"Wollondilly","NSW",2,13,493692,4.05110878847541,26.3322071250901,0.153846153846154,0.22147234582182,NA,4.63406940063092,0.431586113002042,0.0522670805299094,1.55903743408339,FALSE
30201,"Bald Hills - Everton Park","QLD",2,31,498007,4.01600780711918,62.2481210103472,0.0645161290322581,0.115200804599859,0.115200804599859,11.0504731861199,0.180987724807308,0.0219184531254459,0.653789891712388,FALSE
31003,"Ipswich Inner","QLD",5,29,1259570,3.96960867597672,23.023730320665,0.172413793103448,0.206166219122575,0.206166219122575,10.3375394321767,0.483674092157461,0.157047661174104,1.12873398509163,FALSE
12503,"Merrylands - Guildford","NSW",7,35,1792020,3.90620640394638,19.5310320197319,0.2,0.224546327182799,0.224546327182799,12.4763406940063,0.561061946902655,0.225576001853805,1.15600204542596,FALSE
20601,"Brunswick - Coburg","VIC",4,12,1025562,3.90030051815492,11.7009015544648,0.333333333333333,0.341471398850873,NA,4.27760252365931,0.935103244837758,0.254784161828573,2.39423570066591,FALSE
70103,"Litchfield","NT",1,8,258035,3.87544325382216,31.0035460305772,0.125,0.22887026852389,NA,2.85173501577287,0.350663716814159,0.00887803664935829,1.95377318022968,FALSE
11802,"Eastern Suburbs - South","NSW",6,43,1582394,3.79172317387452,27.1740160794341,0.13953488372093,0.168068157385628,0.168068157385628,15.3280757097792,0.391438567606503,0.143651055434575,0.851996967511509,FALSE
10301,"Bathurst","NSW",2,11,534744,3.74010741588498,20.5705907873674,0.181818181818182,0.246765526431717,NA,3.9211356466877,0.51005631536605,0.061770186080802,1.84249878573491,FALSE
30202,"Chermside","QLD",3,19,818065,3.66719025994267,23.2255383129702,0.157894736842105,0.208583167486112,NA,6.77287066246057,0.44294364229157,0.0913456278332118,1.29446928882549,FALSE
80101,"Belconnen","ACT",4,28,1128794,3.54360494474634,24.8052346132244,0.142857142857143,0.183164821909252,0.183164821909252,9.98107255520505,0.400758533501896,0.109193212212246,1.0261010145711,FALSE
11003,"Moree - Narrabri","NSW",1,4,282283,3.54254418438234,14.1701767375294,0.25,0.315955968484198,NA,1.42586750788644,0.701327433628319,0.0177560732987166,3.90754636045936,FALSE
31001,"Forest Lake - Oxley","QLD",3,17,862574,3.4779624704663,19.708453999309,0.176470588235294,0.226325552675183,NA,6.05993690851735,0.495054659031754,0.102092172284178,1.44675979339319,FALSE
10704,"Wollongong","NSW",5,36,1481476,3.3750124875462,24.3000899103327,0.138888888888889,0.172219347080488,0.172219347080488,12.8328075709779,0.389626352015733,0.126510615945806,0.909257932434928,FALSE
12003,"Strathfield - Burwood - Ashfield","NSW",6,74,1792130,3.34797140832417,41.2916473693315,0.0810810810810811,0.103356238886125,0.103356238886125,26.3785488958991,0.227457546041617,0.0834729105903611,0.49507931895939,FALSE
60105,"Hobart Inner","TAS",2,10,599073,3.33849130239553,16.6924565119777,0.2,0.261709767894858,NA,3.56466876971609,0.561061946902655,0.0679472046888822,2.0267486643084,FALSE
60103,"Hobart - North West","TAS",2,5,621534,3.21784488056969,8.04461220142422,0.4,0.375373909343372,NA,1.78233438485804,1.12212389380531,0.135894409377764,4.0534973286168,FALSE
50101,"Augusta - Margaret River - Busselton","WA",2,5,623101,3.20975251203256,8.0243812800814,0.4,0.375373909343372,NA,1.78233438485804,1.12212389380531,0.135894409377764,4.0534973286168,FALSE
11702,"Marrickville - Sydenham - Petersham","NSW",2,15,623398,3.20822331800872,24.0616748850654,0.133333333333333,0.200882157388292,NA,5.34700315457413,0.374041297935103,0.0452981364592548,1.3511657762056,FALSE
11601,"Blacktown","NSW",5,28,1566096,3.19265230228543,17.8788528927984,0.178571428571429,0.212139901790458,0.212139901790458,9.98107255520505,0.50094816687737,0.162656506216036,1.16904591313062,FALSE
60102,"Hobart - North East","TAS",2,15,626945,3.19007249439744,23.9255437079808,0.133333333333333,0.200882157388292,NA,5.34700315457413,0.374041297935103,0.0452981364592548,1.3511657762056,FALSE
31104,"Jimboomba","QLD",2,13,629915,3.17503155187605,20.6377050871943,0.153846153846154,0.22147234582182,NA,4.63406940063092,0.431586113002042,0.0522670805299094,1.55903743408339,FALSE
60201,"Launceston","TAS",3,16,950004,3.1578814404992,16.8420343493291,0.1875,0.236378918618494,NA,5.70347003154574,0.525995575221239,0.108472933051939,1.53718228048026,FALSE
12001,"Canada Bay","NSW",3,52,975618,3.07497401646956,53.2995496188057,0.0576923076923077,0.090945834417444,0.090945834417444,18.5362776025237,0.161844792375766,0.0333762870929043,0.472979163224696,FALSE
31502,"Outback - North","QLD",1,4,344343,2.90408110517711,11.6163244207084,0.25,0.315955968484198,NA,1.42586750788644,0.701327433628319,0.0177560732987166,3.90754636045936,FALSE
40301,"Holdfast Bay","SA",1,5,392367,2.54863431430268,12.7431715715134,0.2,0.288511166418026,NA,1.78233438485804,0.561061946902655,0.0142048586389733,3.12603708836749,FALSE
21601,"Campaspe","VIC",1,4,419906,2.38148538006125,9.52594152024501,0.25,0.315955968484198,NA,1.42586750788644,0.701327433628319,0.0177560732987166,3.90754636045936,FALSE
11602,"Blacktown - North","NSW",3,52,1386804,2.16324729377764,37.496286425479,0.0576923076923077,0.090945834417444,0.090945834417444,18.5362776025237,0.161844792375766,0.0333762870929043,0.472979163224696,FALSE
30203,"Nundah","QLD",1,9,468030,2.13661517424097,19.2295365681687,0.111111111111111,0.214116262837922,NA,3.20820189274448,0.311701081612586,0.00789158813276293,1.73668727131527,FALSE
10903,"Upper Murray exc. Albury","NSW",1,4,474922,2.10560892104388,8.42243568417551,0.25,0.315955968484198,NA,1.42586750788644,0.701327433628319,0.0177560732987166,3.90754636045936,FALSE
12701,"Bringelly - Green Valley","NSW",3,14,1429371,2.09882528748659,9.79451800827077,0.214285714285714,0.259426318085416,NA,4.99053627760252,0.601137800252844,0.123969066345073,1.7567797491203,FALSE
20607,"Yarra","VIC",2,20,1045289,1.91334645251218,19.1334645251218,0.1,0.162997613004956,0.162997613004956,7.12933753943218,0.280530973451327,0.0339736023444411,1.0133743321542,FALSE
20402,"Wangaratta - Benalla","VIC",1,7,522965,1.91217385484688,13.3852169839282,0.142857142857143,0.24580804446699,NA,2.49526813880126,0.400758533501896,0.0101463275992666,2.23288363454821,FALSE
11902,"Canterbury","NSW",3,34,1571201,1.90936742020913,21.6394974290368,0.0882352941176471,0.131353817840301,0.131353817840301,12.1198738170347,0.247527329515877,0.0510460861420889,0.723379896696595,FALSE
20202,"Heathcote - Castlemaine - Kyneton","VIC",1,5,554853,1.80227916222855,9.01139581114277,0.2,0.288511166418026,NA,1.78233438485804,0.561061946902655,0.0142048586389733,3.12603708836749,FALSE
21105,"Yarra Ranges","VIC",3,30,1717393,1.74683371831608,17.4683371831608,0.1,0.145743861944,0.145743861944,10.6940063091483,0.280530973451327,0.0578522309610341,0.819830549589474,FALSE
11701,"Botany","NSW",1,28,601572,1.66231141077045,46.5447195015725,0.0357142857142857,0.096239582265633,0.096239582265633,9.98107255520505,0.100189633375474,0.00253658189981666,0.558220908637052,FALSE
20703,"Whitehorse - West","VIC",2,15,1210428,1.65230810919774,12.392310818983,0.133333333333333,0.200882157388292,NA,5.34700315457413,0.374041297935103,0.0452981364592548,1.3511657762056,FALSE
10302,"Lachlan Valley","NSW",1,14,610902,1.63692376191271,22.916932666778,0.0714285714285714,0.161924393626071,NA,4.99053627760252,0.200379266750948,0.00507316379963331,1.1164418172741,FALSE
12802,"Sutherland - Menai - Heathcote","NSW",2,33,1232558,1.62264169312925,26.7735879366326,0.0606060606060606,0.109369685305319,0.109369685305319,11.7634069400631,0.170018771788683,0.020590062026934,0.614166261911637,FALSE
11603,"Mount Druitt","NSW",2,20,1282280,1.55972174564058,15.5972174564058,0.1,0.162997613004956,0.162997613004956,7.12933753943218,0.280530973451327,0.0339736023444411,1.0133743321542,FALSE
31601,"Buderim","QLD",1,9,642335,1.55682003938755,14.0113803544879,0.111111111111111,0.214116262837922,NA,3.20820189274448,0.311701081612586,0.00789158813276293,1.73668727131527,FALSE
50605,"Kalamunda","WA",1,3,665073,1.50359434227521,4.51078302682563,0.333333333333333,0.349171082343091,NA,1.06940063091483,0.935103244837758,0.0236747643982888,5.21006181394581,FALSE
50901,"Albany","WA",1,4,688480,1.4524750174297,5.8099000697188,0.25,0.315955968484198,NA,1.42586750788644,0.701327433628319,0.0177560732987166,3.90754636045936,FALSE
21104,"Whitehorse - East","VIC",1,5,703971,1.42051306090734,7.10256530453669,0.2,0.288511166418026,NA,1.78233438485804,0.561061946902655,0.0142048586389733,3.12603708836749,FALSE
10901,"Albury","NSW",1,3,717937,1.39287987664656,4.17863962993967,0.333333333333333,0.349171082343091,NA,1.06940063091483,0.935103244837758,0.0236747643982888,5.21006181394581,FALSE
20903,"Nillumbik - Kinglake","VIC",1,12,748052,1.33680546272184,16.0416655526621,0.0833333333333333,0.179417993250643,NA,4.27760252365931,0.23377581120944,0.0059186910995722,1.30251545348645,FALSE
50705,"Rockingham","WA",2,10,1502288,1.33130265301993,6.65651326509964,0.2,0.261709767894858,NA,3.56466876971609,0.561061946902655,0.0679472046888822,2.0267486643084,FALSE
21202,"Casey - North","VIC",2,21,1530380,1.30686496164351,13.7220820972569,0.0952380952380952,0.157073101862403,0.157073101862403,7.48580441640379,0.267172355667931,0.0323558117566106,0.96511841157543,FALSE
30903,"Gold Coast - North","QLD",1,32,765897,1.30565859377958,41.7810750009466,0.03125,0.0862438880800876,0.0862438880800876,11.4069400630915,0.0876659292035398,0.00221950916233957,0.48844329505742,FALSE
10503,"Dubbo","NSW",1,20,808066,1.23752267760307,24.7504535520613,0.05,0.125279435466561,0.125279435466561,7.12933753943218,0.140265486725664,0.00355121465974332,0.781509272091872,FALSE
11904,"Kogarah - Rockdale","NSW",2,29,1622241,1.23286244152379,17.876505402095,0.0689655172413793,0.121688721714519,0.121688721714519,10.3375394321767,0.193469636862984,0.0234300705823732,0.698878849761518,FALSE
20504,"Latrobe Valley","VIC",1,12,836638,1.19526007664008,14.3431209196809,0.0833333333333333,0.179417993250643,NA,4.27760252365931,0.23377581120944,0.0059186910995722,1.30251545348645,FALSE
12403,"Penrith","NSW",2,20,1688838,1.18424620952394,11.8424620952394,0.1,0.162997613004956,0.162997613004956,7.12933753943218,0.280530973451327,0.0339736023444411,1.0133743321542,FALSE
40102,"Adelaide Hills","SA",1,6,854622,1.17010795415985,7.0206477249591,0.166666666666667,0.265453175477783,NA,2.13880126182965,0.467551622418879,0.0118373821991444,2.60503090697291,FALSE
80104,"Gungahlin","ACT",1,16,887894,1.12626056713977,18.0201690742363,0.0625,0.147539052112222,NA,5.70347003154574,0.17533185840708,0.00443901832467915,0.97688659011484,FALSE
50501,"Joondalup","WA",2,11,1816251,1.10116938683034,6.05643162756689,0.181818181818182,0.246765526431717,NA,3.9211356466877,0.51005631536605,0.061770186080802,1.84249878573491,FALSE
20303,"Surf Coast - Bellarine Peninsula","VIC",1,7,935414,1.06904536387097,7.48331754709679,0.142857142857143,0.24580804446699,NA,2.49526813880126,0.400758533501896,0.0101463275992666,2.23288363454821,FALSE
12302,"Campbelltown (NSW)","NSW",2,43,1905307,1.04969960221634,22.5685414476512,0.0465116279069767,0.0872803398560298,0.0872803398560298,15.3280757097792,0.130479522535501,0.0158016755090424,0.471336898676373,FALSE
20701,"Boroondara","VIC",2,28,1932229,1.03507400002795,14.4910360003913,0.0714285714285714,0.125214662146839,0.125214662146839,9.98107255520505,0.200379266750948,0.0242668588174579,0.723838808681572,FALSE
21303,"Maribyrnong","VIC",1,9,970060,1.0308640702637,9.27777663237326,0.111111111111111,0.214116262837922,NA,3.20820189274448,0.311701081612586,0.00789158813276293,1.73668727131527,FALSE
40302,"Marion","SA",1,4,1049474,0.952858289009542,3.81143315603817,0.25,0.315955968484198,NA,1.42586750788644,0.701327433628319,0.0177560732987166,3.90754636045936,FALSE
31802,"Townsville","QLD",2,51,2144187,0.932754465911788,23.7852388807506,0.0392156862745098,0.0751396097005614,0.0751396097005614,18.1798107255521,0.110012146451501,0.0133229813115455,0.397401698884,FALSE
12702,"Fairfield","NSW",2,38,2144973,0.9324126690639,17.7158407122141,0.0526315789473684,0.0970843842563768,0.0970843842563768,13.5457413249211,0.147647880763857,0.0178808433391795,0.533354911660106,FALSE
21204,"Dandenong","VIC",2,20,2180457,0.917238909091076,9.17238909091076,0.1,0.162997613004956,0.162997613004956,7.12933753943218,0.280530973451327,0.0339736023444411,1.0133743321542,FALSE
50201,"Mandurah","WA",1,8,1180436,0.847144614362829,6.77715691490263,0.125,0.22887026852389,NA,2.85173501577287,0.350663716814159,0.00887803664935829,1.95377318022968,FALSE
20605,"Port Phillip","VIC",1,16,1191931,0.838974739309574,13.4235958289532,0.0625,0.147539052112222,NA,5.70347003154574,0.17533185840708,0.00443901832467915,0.97688659011484,FALSE
50704,"Melville","WA",1,8,1193914,0.837581266322365,6.70065013057892,0.125,0.22887026852389,NA,2.85173501577287,0.350663716814159,0.00887803664935829,1.95377318022968,FALSE
21201,"Cardinia","VIC",1,8,1217514,0.821345791506299,6.57076633205039,0.125,0.22887026852389,NA,2.85173501577287,0.350663716814159,0.00887803664935829,1.95377318022968,FALSE
20904,"Whittlesea - Wallan","VIC",2,19,2678785,0.746607137190928,7.09276780331382,0.105263157894737,0.169386565557263,NA,6.77287066246057,0.295295761527713,0.0357616866783591,1.06670982332021,FALSE
21305,"Wyndham","VIC",2,14,3022833,0.661630993177592,4.63141695224314,0.142857142857143,0.210675355855744,NA,4.99053627760252,0.400758533501896,0.0485337176349159,1.44767761736314,FALSE
21401,"Frankston","VIC",1,30,1549192,0.645497782069621,19.3649334620886,0.0333333333333333,0.0909679736588403,0.0909679736588403,10.6940063091483,0.0935103244837758,0.00236747643982888,0.521006181394581,FALSE
20604,"Melbourne City","VIC",1,23,1749914,0.571456654441304,13.14350305215,0.0434782608695652,0.112544513628523,0.112544513628523,8.198738170347,0.121969988457099,0.00308801274760288,0.679573280079889,FALSE
20802,"Glen Eira","VIC",1,24,1757172,0.569096252387359,13.6583100572966,0.0416666666666667,0.108856031046078,0.108856031046078,8.55520504731861,0.11688790560472,0.0029593455497861,0.651257726743227,FALSE
40304,"Onkaparinga","SA",1,7,1928845,0.51844497613857,3.62911483296999,0.142857142857143,0.24580804446699,NA,2.49526813880126,0.400758533501896,0.0101463275992666,2.23288363454821,FALSE
11901,"Bankstown","NSW",1,22,2026006,0.493581953854036,10.8588029847888,0.0454545454545455,0.116491724382533,0.116491724382533,7.8422712933754,0.127514078841512,0.00322837696340302,0.710462974628975,FALSE
21205,"Monash","VIC",1,21,2076048,0.481684431188489,10.1153730549583,0.0476190476190476,0.120725875462393,0.120725875462393,7.48580441640379,0.133586177833965,0.00338210919975554,0.744294544849402,FALSE
21301,"Brimbank","VIC",1,6,2115013,0.472810332607885,2.83686199564731,0.166666666666667,0.265453175477783,NA,2.13880126182965,0.467551622418879,0.0118373821991444,2.60503090697291,FALSE
50502,"Stirling","WA",1,17,2321925,0.430677132120977,7.32151124605661,0.0588235294117647,0.14126410978453,NA,6.05993690851735,0.165018219677251,0.00417789959969802,0.919422673049261,FALSE
10103,"Snowy Mountains","NSW",0,4,223736,0,17.8782136088962,0,0.220830353739684,NA,1.42586750788644,0,0,2.58711236051796,FALSE
10106,"Young - Yass","NSW",0,6,412568,0,14.5430571445192,0,0.185532556714507,NA,2.13880126182965,0,0,1.72474157367864,FALSE
10501,"Bourke - Cobar - Coonamble","NSW",0,9,259037,0,34.7440713102761,0,0.149651770437381,NA,3.20820189274448,0,0,1.14982771578576,FALSE
10502,"Broken Hill and Far West","NSW",0,1,223891,0,4.46645912519932,0,0.309016510251246,NA,0.356466876971609,0,0,10.3484494420718,FALSE
10803,"Lord Howe Island","NSW",0,0,4737,0,0,NA,NA,NA,NA,NA,NA,NA,FALSE
10902,"Lower Murray","NSW",0,1,142980,0,6.99398517275143,0,0.309016510251246,NA,0.356466876971609,0,0,10.3484494420718,FALSE
11301,"Griffith - Murrumbidgee (West)","NSW",0,1,546044,0,1.83135424984067,0,0.309016510251246,NA,0.356466876971609,0,0,10.3484494420718,FALSE
11303,"Wagga Wagga","NSW",0,16,1075344,0,14.8789596631404,0,0.103119118859086,NA,5.70347003154574,0,0,0.64677809012949,FALSE
11903,"Hurstville","NSW",0,22,1470660,0,14.9592699876246,0,0.0814192839165411,0.0814192839165411,7.8422712933754,0,0,0.47038406554872,FALSE
12301,"Camden","NSW",0,9,767348,0,11.7287071837028,0,0.149651770437381,NA,3.20820189274448,0,0,1.14982771578576,FALSE
12405,"St Marys","Other",0,0,624196,0,0,NA,NA,NA,NA,NA,NA,NA,FALSE
12501,"Auburn","NSW",0,15,1111845,0,13.4910891356259,0,0.107912588853115,NA,5.34700315457413,0,0,0.689896629471456,FALSE
12504,"Parramatta","NSW",0,13,1676754,0,7.75307528713216,0,0.118973504206292,NA,4.63406940063092,0,0,0.796034572467064,FALSE
12703,"Liverpool","NSW",0,16,1446834,0,11.0586287023943,0,0.103119118859086,NA,5.70347003154574,0,0,0.64677809012949,FALSE
20101,"Ballarat","VIC",0,6,1233660,0,4.86357667428627,0,0.185532556714507,NA,2.13880126182965,0,0,1.72474157367864,FALSE
20102,"Creswick - Daylesford - Ballan","VIC",0,3,328718,0,9.12636363083251,0,0.244045314286727,NA,1.06940063091483,0,0,3.44948314735728,FALSE
20103,"Maryborough - Pyrenees","VIC",0,1,288169,0,3.47018589785855,0,0.309016510251246,NA,0.356466876971609,0,0,10.3484494420718,FALSE
20201,"Bendigo","VIC",0,13,1099396,0,11.8246746395293,0,0.118973504206292,NA,4.63406940063092,0,0,0.796034572467064,FALSE
20203,"Loddon - Elmore","VIC",0,0,131067,0,0,NA,NA,NA,NA,NA,NA,NA,FALSE
20301,"Barwon - West","VIC",0,6,232316,0,25.8268909588664,0,0.185532556714507,NA,2.13880126182965,0,0,1.72474157367864,FALSE
20302,"Geelong","VIC",0,24,2254037,0,10.6475625732852,0,0.0760824869298383,0.0760824869298383,8.55520504731861,0,0,0.43118539341966,FALSE
20401,"Upper Goulburn Valley","VIC",0,3,633143,0,4.73826607891108,0,0.244045314286727,NA,1.06940063091483,0,0,3.44948314735728,FALSE
20403,"Wodonga - Alpine","VIC",0,4,815946,0,4.90228520024609,0,0.220830353739684,NA,1.42586750788644,0,0,2.58711236051796,FALSE
20501,"Baw Baw","VIC",0,7,597954,0,11.7065861253541,0,0.17180203201137,NA,2.49526813880126,0,0,1.47834992029598,FALSE
20503,"Gippsland - South West","VIC",0,3,744284,0,4.03071945655153,0,0.244045314286727,NA,1.06940063091483,0,0,3.44948314735728,FALSE
20505,"Wellington","VIC",0,5,490260,0,10.1986700934198,0,0.201648423492681,NA,1.78233438485804,0,0,2.06968988841437,FALSE
20602,"Darebin - South","VIC",0,4,607587,0,6.58341932924832,0,0.220830353739684,NA,1.42586750788644,0,0,2.58711236051796,FALSE
20603,"Essendon","VIC",0,4,778951,0,5.13511119441403,0,0.220830353739684,NA,1.42586750788644,0,0,2.58711236051796,FALSE
20606,"Stonnington - West","VIC",0,14,732044,0,19.1245334979865,0,0.113173431396399,NA,4.99053627760252,0,0,0.739174960147988,FALSE
20702,"Manningham - West","VIC",0,12,1084253,0,11.0675275973412,0,0.125400191383899,NA,4.27760252365931,0,0,0.86237078683932,FALSE
20801,"Bayside","VIC",0,15,1137370,0,13.188320423433,0,0.107912588853115,NA,5.34700315457413,0,0,0.689896629471456,FALSE
20803,"Kingston","VIC",0,18,1365708,0,13.1799769789735,0,0.0947054952992873,NA,6.41640378548896,0,0,0.57491385789288,FALSE
20804,"Stonnington - East","VIC",0,8,482852,0,16.5682238035671,0,0.159963752547865,NA,2.85173501577287,0,0,1.29355618025898,FALSE
20901,"Banyule","VIC",0,18,1414178,0,12.7282421307643,0,0.0947054952992873,NA,6.41640378548896,0,0,0.57491385789288,FALSE
20902,"Darebin - North","VIC",0,12,1093553,0,10.9734050384389,0,0.125400191383899,NA,4.27760252365931,0,0,0.86237078683932,FALSE
21001,"Keilor","VIC",0,7,683989,0,10.2340827118565,0,0.17180203201137,NA,2.49526813880126,0,0,1.47834992029598,FALSE
21002,"Macedon Ranges","VIC",0,4,354337,0,11.2886884519539,0,0.220830353739684,NA,1.42586750788644,0,0,2.58711236051796,FALSE
21003,"Moreland - North","VIC",0,6,897041,0,6.68865748611267,0,0.185532556714507,NA,2.13880126182965,0,0,1.72474157367864,FALSE
21004,"Sunbury","VIC",0,0,483359,0,0,NA,NA,NA,NA,NA,NA,NA,FALSE
21005,"Tullamarine - Broadmeadows","VIC",0,11,2114012,0,5.20337632898962,0,0.132560836378693,NA,3.9211356466877,0,0,0.94076813109744,FALSE
21101,"Knox","VIC",0,18,1772579,0,10.1546955029931,0,0.0947054952992873,NA,6.41640378548896,0,0,0.57491385789288,FALSE
21103,"Maroondah","VIC",0,17,1272399,0,13.3605889347602,0,0.098733388339203,NA,6.05993690851735,0,0,0.608732320121873,FALSE
21203,"Casey - South","VIC",0,5,2295070,0,2.17858278832454,0,0.201648423492681,NA,1.78233438485804,0,0,2.06968988841437,FALSE
21302,"Hobsons Bay","VIC",0,6,975136,0,6.15298789091983,0,0.185532556714507,NA,2.13880126182965,0,0,1.72474157367864,FALSE
21304,"Melton - Bacchus Marsh","VIC",0,10,2061358,0,4.85117092712668,0,0.140588785728204,NA,3.56466876971609,0,0,1.03484494420718,FALSE
21402,"Mornington Peninsula","VIC",0,24,1828257,0,13.1272572729108,0,0.0760824869298383,0.0760824869298383,8.55520504731861,0,0,0.43118539341966,FALSE
21501,"Grampians","VIC",0,3,656947,0,4.56657843022344,0,0.244045314286727,NA,1.06940063091483,0,0,3.44948314735728,FALSE
21502,"Mildura","VIC",0,5,617633,0,8.09542236247092,0,0.201648423492681,NA,1.78233438485804,0,0,2.06968988841437,FALSE
21503,"Murray River - Swan Hill","VIC",0,0,416750,0,0,NA,NA,NA,NA,NA,NA,NA,FALSE
21602,"Moira","VIC",0,2,330460,0,6.05216970283847,0,0.27271465148423,NA,0.712933753943218,0,0,5.17422472103592,FALSE
21603,"Shepparton","VIC",0,9,736838,0,12.2143537656853,0,0.149651770437381,NA,3.20820189274448,0,0,1.14982771578576,FALSE
21701,"Glenelg - Southern Grampians","VIC",0,1,399574,0,2.50266533858559,0,0.309016510251246,NA,0.356466876971609,0,0,10.3484494420718,FALSE
21703,"Colac - Corangamite","VIC",0,4,417721,0,9.57576947292571,0,0.220830353739684,NA,1.42586750788644,0,0,2.58711236051796,FALSE
21704,"Warrnambool","VIC",0,4,572424,0,6.98782720500887,0,0.220830353739684,NA,1.42586750788644,0,0,2.58711236051796,FALSE
30301,"Carindale","QLD",0,3,597131,0,5.02402320428851,0,0.244045314286727,NA,1.06940063091483,0,0,3.44948314735728,FALSE
30306,"Sunnybank","QLD",0,0,575608,0,0,NA,NA,NA,NA,NA,NA,NA,FALSE
30701,"Darling Downs (West) - Maranoa","QLD",0,32,495281,0,64.609787171323,0,0.0602782356161251,0.0602782356161251,11.4069400630915,0,0,0.323389045064745,FALSE
30906,"Nerang","Other",0,0,775516,0,0,NA,NA,NA,NA,NA,NA,NA,FALSE
30909,"Southport","QLD",0,8,703683,0,11.3687555333865,0,0.159963752547865,NA,2.85173501577287,0,0,1.29355618025898,FALSE
31102,"Beenleigh","Other",0,0,501880,0,0,NA,NA,NA,NA,NA,NA,NA,FALSE
31105,"Loganlea - Carbrook","QLD",0,8,708321,0,11.2943143010019,0,0.159963752547865,NA,2.85173501577287,0,0,1.29355618025898,FALSE
31904,"Hervey Bay","QLD",0,1,682049,0,1.46617031914129,0,0.309016510251246,NA,0.356466876971609,0,0,10.3484494420718,FALSE
40101,"Adelaide City","SA",0,1,278201,0,3.59452338417188,0,0.309016510251246,NA,0.356466876971609,0,0,10.3484494420718,FALSE
40103,"Burnside","SA",0,1,507227,0,1.9715038828769,0,0.309016510251246,NA,0.356466876971609,0,0,10.3484494420718,FALSE
40104,"Campbelltown (SA)","SA",0,0,596188,0,0,NA,NA,NA,NA,NA,NA,NA,FALSE
40105,"Norwood - Payneham - St Peters","SA",0,2,413451,0,4.83733259805878,0,0.27271465148423,NA,0.712933753943218,0,0,5.17422472103592,FALSE
40106,"Prospect - Walkerville","SA",0,4,330034,0,12.1199633977105,0,0.220830353739684,NA,1.42586750788644,0,0,2.58711236051796,FALSE
40107,"Unley","SA",0,0,431918,0,0,NA,NA,NA,NA,NA,NA,NA,FALSE
40201,"Gawler - Two Wells","SA",0,0,409245,0,0,NA,NA,NA,NA,NA,NA,NA,FALSE
40202,"Playford","SA",0,4,1079037,0,3.70700912016919,0,0.220830353739684,NA,1.42586750788644,0,0,2.58711236051796,FALSE
40203,"Port Adelaide - East","SA",0,2,820561,0,2.43735688145062,0,0.27271465148423,NA,0.712933753943218,0,0,5.17422472103592,FALSE
40204,"Salisbury","SA",0,6,1575210,0,3.80901594073171,0,0.185532556714507,NA,2.13880126182965,0,0,1.72474157367864,FALSE
40205,"Tea Tree Gully","SA",0,0,1063358,0,0,NA,NA,NA,NA,NA,NA,NA,FALSE
40303,"Mitcham","SA",0,5,730689,0,6.84285653677556,0,0.201648423492681,NA,1.78233438485804,0,0,2.06968988841437,FALSE
40401,"Charles Sturt","SA",0,3,1286643,0,2.33164910546282,0,0.244045314286727,NA,1.06940063091483,0,0,3.44948314735728,FALSE
40402,"Port Adelaide - West","SA",0,1,670960,0,1.4904018123286,0,0.309016510251246,NA,0.356466876971609,0,0,10.3484494420718,FALSE
40403,"West Torrens","SA",0,3,714364,0,4.19953973044554,0,0.244045314286727,NA,1.06940063091483,0,0,3.44948314735728,FALSE
40501,"Barossa","SA",0,2,416215,0,4.80520884638949,0,0.27271465148423,NA,0.712933753943218,0,0,5.17422472103592,FALSE
40502,"Lower North","SA",0,0,253986,0,0,NA,NA,NA,NA,NA,NA,NA,FALSE
40503,"Mid North","SA",0,2,305880,0,6.53851183470642,0,0.27271465148423,NA,0.712933753943218,0,0,5.17422472103592,FALSE
40504,"Yorke Peninsula","SA",0,0,293456,0,0,NA,NA,NA,NA,NA,NA,NA,FALSE
40601,"Eyre Peninsula and South West","SA",0,1,645529,0,1.54911708071984,0,0.309016510251246,NA,0.356466876971609,0,0,10.3484494420718,FALSE
40602,"Outback - North and East","SA",0,3,298048,0,10.0654928065278,0,0.244045314286727,NA,1.06940063091483,0,0,3.44948314735728,FALSE
40701,"Fleurieu - Kangaroo Island","SA",0,5,599325,0,8.34271889208693,0,0.201648423492681,NA,1.78233438485804,0,0,2.06968988841437,FALSE
40702,"Limestone Coast","SA",0,2,744947,0,2.68475475436508,0,0.27271465148423,NA,0.712933753943218,0,0,5.17422472103592,FALSE
40703,"Murray and Mallee","SA",0,1,797347,0,1.2541591051324,0,0.309016510251246,NA,0.356466876971609,0,0,10.3484494420718,FALSE
50102,"Bunbury","WA",0,8,1196511,0,6.68610652137757,0,0.159963752547865,NA,2.85173501577287,0,0,1.29355618025898,FALSE
50103,"Manjimup","WA",0,0,263876,0,0,NA,NA,NA,NA,NA,NA,NA,FALSE
50301,"Cottesloe - Claremont","WA",0,3,812261,0,3.69339411839298,0,0.244045314286727,NA,1.06940063091483,0,0,3.44948314735728,FALSE
50302,"Perth City","WA",0,10,1244104,0,8.03791322911911,0,0.140588785728204,NA,3.56466876971609,0,0,1.03484494420718,FALSE
50401,"Bayswater - Bassendean","WA",0,3,951347,0,3.15342351423823,0,0.244045314286727,NA,1.06940063091483,0,0,3.44948314735728,FALSE
50402,"Mundaring","WA",0,2,491776,0,4.06689224362311,0,0.27271465148423,NA,0.712933753943218,0,0,5.17422472103592,FALSE
50403,"Swan","WA",0,7,1607335,0,4.35503488694018,0,0.17180203201137,NA,2.49526813880126,0,0,1.47834992029598,FALSE
50503,"Wanneroo","WA",0,9,2288624,0,3.93249393522046,0,0.149651770437381,NA,3.20820189274448,0,0,1.14982771578576,FALSE
50601,"Armadale","WA",0,3,1008689,0,2.97415754509071,0,0.244045314286727,NA,1.06940063091483,0,0,3.44948314735728,FALSE
50602,"Belmont - Victoria Park","WA",0,4,848266,0,4.7155019769742,0,0.220830353739684,NA,1.42586750788644,0,0,2.58711236051796,FALSE
50603,"Canning","WA",0,9,1115048,0,8.07140141052224,0,0.149651770437381,NA,3.20820189274448,0,0,1.14982771578576,FALSE
50604,"Gosnells","WA",0,4,1413043,0,2.83077018887606,0,0.220830353739684,NA,1.42586750788644,0,0,2.58711236051796,FALSE
50606,"Serpentine - Jarrahdale","WA",0,2,343853,0,5.81643900155008,0,0.27271465148423,NA,0.712933753943218,0,0,5.17422472103592,FALSE
50607,"South Perth","WA",0,4,495026,0,8.08038365661602,0,0.220830353739684,NA,1.42586750788644,0,0,2.58711236051796,FALSE
50701,"Cockburn","WA",0,13,1264137,0,10.2836955171789,0,0.118973504206292,NA,4.63406940063092,0,0,0.796034572467064,FALSE
50702,"Fremantle","WA",0,4,445986,0,8.96889140017848,0,0.220830353739684,NA,1.42586750788644,0,0,2.58711236051796,FALSE
50703,"Kwinana","WA",0,2,494419,0,4.04515198647301,0,0.27271465148423,NA,0.712933753943218,0,0,5.17422472103592,FALSE
50902,"Wheat Belt - North","WA",0,5,634853,0,7.87583897374668,0,0.201648423492681,NA,1.78233438485804,0,0,2.06968988841437,FALSE
50903,"Wheat Belt - South","WA",0,1,223710,0,4.47007286218765,0,0.309016510251246,NA,0.356466876971609,0,0,10.3484494420718,FALSE
51001,"Kimberley","WA",0,2,417513,0,4.79027000356875,0,0.27271465148423,NA,0.712933753943218,0,0,5.17422472103592,FALSE
51002,"East Pilbara","WA",0,0,295324,0,0,NA,NA,NA,NA,NA,NA,NA,FALSE
51003,"West Pilbara","WA",0,0,369363,0,0,NA,NA,NA,NA,NA,NA,NA,FALSE
51101,"Esperance","WA",0,0,181583,0,0,NA,NA,NA,NA,NA,NA,NA,FALSE
51102,"Gascoyne","WA",0,0,109524,0,0,NA,NA,NA,NA,NA,NA,NA,FALSE
51103,"Goldfields","WA",0,3,447198,0,6.70843787315686,0,0.244045314286727,NA,1.06940063091483,0,0,3.44948314735728,FALSE
51104,"Mid West","WA",0,0,622934,0,0,NA,NA,NA,NA,NA,NA,NA,FALSE
60101,"Brighton","TAS",0,2,205992,0,9.70911491708416,0,0.27271465148423,NA,0.712933753943218,0,0,5.17422472103592,FALSE
60202,"Meander Valley - West Tamar","TAS",0,1,262514,0,3.80932064575604,0,0.309016510251246,NA,0.356466876971609,0,0,10.3484494420718,FALSE
60301,"Central Highlands (Tas.)","TAS",0,1,133407,0,7.49585853815767,0,0.309016510251246,NA,0.356466876971609,0,0,10.3484494420718,FALSE
60401,"Burnie - Ulverstone","TAS",0,3,549743,0,5.45709540639899,0,0.244045314286727,NA,1.06940063091483,0,0,3.44948314735728,FALSE
60403,"West Coast","TAS",0,4,197542,0,20.2488584706037,0,0.220830353739684,NA,1.42586750788644,0,0,2.58711236051796,FALSE
70101,"Darwin City","NT",0,11,313268,0,35.1137045596741,0,0.132560836378693,NA,3.9211356466877,0,0,0.94076813109744,FALSE
70104,"Palmerston","NT",0,13,418021,0,31.0989160831633,0,0.118973504206292,NA,4.63406940063092,0,0,0.796034572467064,FALSE
70203,"Daly - Tiwi - West Arnhem","NT",0,1,198639,0,5.03425812655118,0,0.309016510251246,NA,0.356466876971609,0,0,10.3484494420718,FALSE
70204,"East Arnhem","NT",0,0,161486,0,0,NA,NA,NA,NA,NA,NA,NA,FALSE
80108,"Weston Creek","Other",0,0,263653,0,0,NA,NA,NA,NA,NA,NA,NA,FALSE
80110,"Molonglo","Other",0,0,93341,0,0,NA,NA,NA,NA,NA,NA,NA,FALSE
80111,"Uriarra - Namadgi","ACT",0,1,6675,0,149.812734082397,0,0.309016510251246,NA,0.356466876971609,0,0,10.3484494420718,FALSE
90101,"Christmas Island","Other",0,0,20287,0,0,NA,NA,NA,NA,NA,NA,NA,FALSE
90102,"Cocos (Keeling) Islands","Other",0,0,6436,0,0,NA,NA,NA,NA,NA,NA,NA,FALSE
90103,"Jervis Bay","Other",0,0,3843,0,0,NA,NA,NA,NA,NA,NA,NA,FALSE
