"SA_name","State","rank","c1MPPY","cumulative_cases","cumulative_percentage","regions_percentage"
"Pittwater","NSW",1,704.0056778,704.0056778,10.8854361488649,0.297619047619048
"Gold Coast Hinterland","QLD",2,440.0137504,1144.0194282,17.6889914832049,0.595238095238095
"Coffs Harbour","NSW",3,431.3809093,1575.4003375,24.3590645978119,0.892857142857143
"Sunshine Coast Hinterland","QLD",4,402.7521935,1978.152531,30.5864764275856,1.19047619047619
"Richmond Valley: Hinterland","NSW",5,384.0917561,2362.2442871,36.5253579141632,1.48809523809524
"Richmond Valley: Coastal","NSW",6,275.3221696,2637.5664567,40.7824285487543,1.78571428571429
"Warringah","NSW",7,261.6064129,2899.1728696,44.827424198016,2.08333333333333
"Ku-ring-gai","NSW",8,211.0499956,3110.2228652,48.0907093159731,2.38095238095238
"South Coast","NSW",9,198.7206293,3308.9434945,51.1633560146009,2.67857142857143
"Shoalhaven","NSW",10,183.7635817,3492.7070762,54.0047347110527,2.97619047619048
"Noosa Hinterland","QLD",11,160.3230892,3653.0301654,56.4836731709371,3.27380952380952
"Hornsby","NSW",12,159.8808467,3812.9110121,58.9557736142431,3.57142857142857
"Kempsey/Nambucca","QLD",13,140.2224503,3953.1334624,61.1239131300322,3.86904761904762
"Dural/Wisemans Ferry","NSW",14,134.6102704,4087.7437328,63.2052763201696,4.16666666666667
"East Tablelands/Kuranda","QLD",15,110.8000188,4198.5437516,64.9184820058247,4.46428571428571
"Manly","NSW",16,100.1545241,4298.6982757,66.4670855348721,4.76190476190476
"Kenmore/Brookfield/Moggill","QLD",17,92.43922593,4391.13750163,67.8963940237695,5.05952380952381
"Ipswich Hinterland","QLD",18,73.20644217,4464.3439438,69.0283224684624,5.35714285714286
"Caboolture Hinterland","QLD",19,62.30335504,4526.64729884,69.9916658256741,5.6547619047619
"Gosford","NSW",20,62.11703054,4588.76432938,70.9521282069056,5.95238095238095
"Granite Belt","QLD",21,56.81979602,4645.5841254,71.8306839928476,6.25
"Blue Mountains","NSW",22,54.38014731,4699.96427271,72.6715175826543,6.54761904761905
"Port Macquarie","NSW",23,50.72860305,4750.69287576,73.4558904745712,6.8452380952381
"North Sydney/Mosman","NSW",24,47.04879514,4797.7416709,74.1833656520129,7.14285714285714
"Taree/Gloucester","NSW",25,45.14978441,4842.89145531,74.881478054836,7.44047619047619
"Chatswood/Lane Cove","NSW",26,44.35569906,4887.24715437,75.5673121967775,7.73809523809524
"Hawkesbury","NSW",27,43.30269668,4930.54985105,76.2368646658099,8.03571428571429
"Gympie/Cooloola","QLD",28,39.73477899,4970.28463004,76.8512494828991,8.33333333333333
"The Gap/Enoggera","QLD",29,36.95361146,5007.2382415,77.4226314911733,8.63095238095238
"Bribie/Beachmere","QLD",30,35.17976862,5042.41801012,77.9665860885872,8.92857142857143
"Lake Macquarie - West","NSW",31,34.33290066,5076.75091078,78.4974462928794,9.22619047619048
"Mudgeeraba - Tallebudgera","QLD",32,30.48486173,5107.23577251,78.9688075706831,9.52380952380952
"Port Douglas - Daintree","QLD",33,29.67755338,5136.91332589,79.4276861316943,9.82142857142857
"Tweed Valley","NSW",34,27.51524962,5164.42857551,79.8531308437235,10.1190476190476
"Strathpine","QLD",35,27.3159983,5191.74457381,80.2754947034389,10.4166666666667
"Leichhardt","",36,26.595287,5218.33986081,80.6867148222935,10.7142857142857
"Huon - Bruny Island","",37,25.74068831,5244.08054912,81.084721014377,11.0119047619048
"Great Lakes","",38,25.0412485,5269.12179762,81.4719123684104,11.3095238095238
"Maryborough","",39,25.00052886,5294.12232648,81.8584741095655,11.6071428571429
"South East Coast","",40,24.80620155,5318.92852803,82.2420311341511,11.9047619047619
"Clarence Valley","",41,24.1363913,5343.06491933,82.6152314571673,12.202380952381
"The Hills District","",42,24.02897895,5367.09389828,82.9867709551157,12.5
"Carlingford","",43,23.78234399,5390.87624227,83.3544969481539,12.797619047619
"Innisfail - Cassowary Coast","",44,22.84107434,5413.71731661,83.7076688956821,13.0952380952381
"Ryde - Hunters Hill","",45,22.36188739,5436.079204,84.0534315862794,13.3928571428571
"Centenary","",46,21.49364728,5457.57285128,84.385769424525,13.6904761904762
"Coolangatta","",47,20.64521047,5478.21806175,84.7049886118665,13.9880952380952
"Brisbane Inner - East","",48,20.37568692,5498.59374867,85.0200403876562,14.2857142857143
"Nathan","",49,19.97824591,5518.57199458,85.3289468738925,14.5833333333333
"Cleveland - Stradbroke","",50,19.88690318,5538.45889776,85.6364410058163,14.8809523809524
"Gippsland - East","",51,19.21524922,5557.67414698,85.9335499284637,15.1785714285714
"Beaudesert","",52,18.47120032,5576.1453473,86.2191542609524,15.4761904761905
"Capalaba","",53,18.20216048,5594.34750778,86.5005986610822,15.7738095238095
"Lower Hunter","",54,18.12136738,5612.46887516,86.7807938267825,16.0714285714286
"Wyong","",55,17.99986582,5630.46874098,87.0591103180415,16.3690476190476
"Upper Hunter","",56,17.65692593,5648.12566691,87.332124223834,16.6666666666667
"Narangba - Burpengary","",57,17.22479416,5665.35046107,87.5984564465967,16.9642857142857
"North Canberra","",58,16.95030172,5682.30076279,87.8605444281222,17.2619047619048
"Darling Downs - East","",59,16.7548741,5699.05563689,88.1196106799282,17.5595238095238
"Port Stephens","",60,15.71600929,5714.77164618,88.3626138559478,17.8571428571429
"Lake Macquarie - East","",61,15.21309195,5729.98473813,88.5978408523636,18.1547619047619
"Brisbane Inner","",62,15.09735095,5745.08208908,88.831278244938,18.452380952381
"Barkly","",63,14.90690637,5759.98899545,89.0617709562679,18.75
"Brisbane Inner - West","",64,14.83166798,5774.82066343,89.2911003208861,19.047619047619
"Sherwood - Indooroopilly","",65,14.70405636,5789.52471979,89.5184565364443,19.3452380952381
"Eastern Suburbs - North","",66,14.34413492,5803.86885471,89.740247595389,19.6428571428571
"Armidale","",67,14.33743145,5818.20628616,89.961935004325,19.9404761904762
"Surfers Paradise","",68,14.1079825,5832.31426866,90.1800746408872,20.2380952380952
"Noosa","",69,14.02319436,5846.33746302,90.3969032711419,20.5357142857143
"Caboolture","",70,12.91859173,5859.25605475,90.5966523780662,20.8333333333333
"Tumut - Tumbarumba","",71,12.25805661,5871.51411136,90.7861881968032,21.1309523809524
"Goulburn - Mulwaree","NSW",72,12.09107969,5883.60519105,90.9731421946,21.4285714285714
"Caloundra","",73,11.89497923,5895.50017028,91.1570640591294,21.7261904761905
"Whitsunday","",74,11.79486373,5907.29503401,91.3394379235259,22.0238095238095
"Maroochy","",75,11.69026639,5918.9853004,91.5201944889405,22.3214285714286
"Inverell - Tenterfield","",76,11.65650608,5930.64180648,91.7004290476294,22.6190476190476
"Nambour","",77,11.40036367,5942.04217015,91.8767030958607,22.9166666666667
"Cairns - South","",78,11.10573859,5953.14790874,92.0484216091051,23.2142857142857
"Southern Highlands","",79,10.71384568,5963.86175442,92.2140806183092,23.5119047619048
"Ormeau - Oxenford","",80,10.55045445,5974.41220887,92.377213249023,23.8095238095238
"Manningham - East","",81,10.09176781,5984.50397668,92.5332536015216,24.1071428571429
"Redcliffe","",82,10.0130026,5994.51697928,92.6880760751149,24.4047619047619
"Wynnum - Manly","",83,9.923317564,6004.440296844,92.8415118258966,24.702380952381
"Sydney Inner City","",84,9.890613768,6014.330910612,92.9944419059225,25
"Mackay","",85,9.740884967,6024.071795579,93.145056857883,25.297619047619
"Broadbeach - Burleigh","",86,9.539735041,6033.61153062,93.2925616010129,25.5952380952381
"Kiama - Shellharbour","",87,9.401482802,6043.013013422,93.437928668315,25.8928571428571
"Holland Park - Yeronga","",88,9.212015693,6052.225029115,93.5803661681685,26.1904761904762
"South Canberra","",89,9.032199792,6061.257228907,93.7200233289273,26.4880952380952
"Alice Springs","",90,9.015608272,6070.272837179,93.8594239492386,26.7857142857143
"Baulkham Hills","",91,8.902383584,6079.175220763,93.9970738732835,27.0833333333333
"Pennant Hills - Epping","",92,8.590548678,6087.765769441,94.1299021615585,27.3809523809524
"Gladstone","",93,8.476024857,6096.241794298,94.2609596661875,27.6785714285714
"Brisbane Inner - North","",94,8.309704535,6104.551498833,94.389445502288,27.9761904761905
"Newcastle","",95,8.254315459,6112.805814292,94.5170749045996,28.2738095238095
"Far North","",96,8.194795758,6121.00061005,94.6437840048094,28.5714285714286
"Lithgow - Mudgee","",97,7.613087659,6128.613697709,94.7614986514679,28.8690476190476
"Toowoomba","",98,7.359672279,6135.973369988,94.8752949533954,29.1666666666667
"Woden Valley","",99,7.255858501,6143.229228489,94.9874860718885,29.4642857142857
"Queanbeyan","NSW",100,7.244277021,6150.47350551,95.0994981158867,29.7619047619048
"Bundaberg","",101,6.835343413,6157.308848923,95.2051871701431,30.0595238095238
"Maitland","",102,6.575472174,6163.884321097,95.3068580582564,30.3571428571429
"Biloela","",103,6.180087757,6170.064408854,95.4024154561504,30.6547619047619
"Central Highlands (Qld)","",104,6.095925483,6176.160334337,95.4966715249662,30.952380952381
"Orange","",105,6.016720466,6182.177054803,95.5897029145182,31.25
"Sandgate","",106,5.906918774,6188.083973577,95.6810365346558,31.547619047619
"Mt Gravatt","",107,5.773958753,6193.85793233,95.7703143079948,31.8452380952381
"Devonport","",108,5.729936627,6199.587868957,95.858911404946,32.1428571428571
"Rouse Hill - McGraths Hill","",109,5.622336418,6205.210205375,95.9458447721268,32.4404761904762
"Springwood - Kingston","",110,5.612705369,6210.822910744,96.0326292226551,32.7380952380952
"Springfield - Redbank","",111,5.474787236,6216.29769798,96.1172811633501,33.0357142857143
"North Lakes","",112,5.450963676,6221.748661656,96.2015647407643,33.3333333333333
"Cronulla - Miranda - Caringbah","",113,5.436969216,6227.185630872,96.285631933843,33.6309523809524
"Burnett","",114,5.426721175,6232.612352047,96.3695406702509,33.9285714285714
"Tamworth - Gunnedah","",115,5.379693379,6237.992045426,96.452722256173,34.2261904761905
"Rockhampton","",116,5.23553944,6243.227584866,96.5336749133406,34.5238095238095
"Tuggeranong","",117,5.181116282,6248.408701148,96.613786071881,34.8214285714286
"Sorell - Dodges Ferry","",118,5.136951117,6253.545652265,96.6932143423442,35.1190476190476
"Hobart - South and West","",119,5.102561486,6258.648213751,96.7721108754305,35.4166666666667
"Outback - South","",120,5.088592394,6263.736806145,96.850791416425,35.7142857142857
"Robina","",121,5.084375207,6268.821181352,96.9294067506729,36.0119047619048
"Bowen Basin - North","",122,5.068732006,6273.889913358,97.0077802075169,36.3095238095238
"Browns Plains","",123,4.947854561,6278.837767919,97.0842846400748,36.6071428571429
"Richmond - Windsor","",124,4.772392663,6283.610160582,97.1580760557531,36.9047619047619
"Cairns - North","",125,4.763371578,6288.37353216,97.2317279861291,37.202380952381
"Darwin Suburbs","",126,4.715794769,6293.089326929,97.3046442771021,37.5
"North East","",127,4.629640346,6297.718967275,97.376228436105,37.797619047619
"Dapto - Port Kembla","",128,4.591752982,6302.310720257,97.4472267752848,38.0952380952381
"Katherine","",129,4.322118876,6306.632839133,97.5140559934802,38.3928571428571
"Charters Towers - Ayr - Ingham","",130,4.272500053,6310.905339186,97.580117998361,38.6904761904762
"Rocklea - Acacia Ridge","",131,4.066721341,6314.972060527,97.6429982234623,38.9880952380952
"Wollondilly","",132,4.051108788,6319.023169315,97.7056370450436,39.2857142857143
"Bald Hills - Everton Park","",133,4.016007807,6323.039177122,97.7677331302528,39.5833333333333
"Ipswich Inner","",134,3.969608676,6327.008785798,97.8291117854841,39.8809523809524
"Merrylands - Guildford","",135,3.906206404,6330.914992202,97.8895101057475,40.1785714285714
"Brunswick - Coburg","",136,3.900300518,6334.81529272,97.9498171083597,40.4761904761905
"Litchfield","",137,3.875443254,6338.690735974,98.0097397644124,40.7738095238095
"Eastern Suburbs - South","",138,3.791723174,6342.482459148,98.0683679286535,41.0714285714286
"Bathurst","",139,3.740107416,6346.222566564,98.1261980026865,41.3690476190476
"Chermside","",140,3.66719026,6349.889756824,98.1829006212587,41.6666666666667
"Belconnen","",141,3.543604945,6353.433361769,98.2376923460728,41.9642857142857
"Moree - Narrabri","",142,3.542544184,6356.975905953,98.2924676692491,42.2619047619048
"Forest Lake - Oxley","",143,3.47796247,6360.453868423,98.3462444207572,42.5595238095238
"Wollongong","",144,3.375012488,6363.828880911,98.3984293449677,42.8571428571429
"Strathfield - Burwood - Ashfield","",145,3.347971408,6367.176852319,98.4501961561444,43.1547619047619
"Hobart Inner","",146,3.338491302,6370.515343621,98.5018163845707,43.452380952381
"Hobart - North West","",147,3.217844881,6373.733188502,98.5515711608369,43.75
"Augusta - Margaret River - Busselton","",148,3.209752512,6376.942941014,98.6012008117401,44.047619047619
"Marrickville - Sydenham - Petersham","",149,3.208223318,6380.151164332,98.6508068180276,44.3452380952381
"Blacktown","",150,3.192652302,6383.343816634,98.700172063046,44.6428571428571
"Hobart - North East","",151,3.190072494,6386.533889128,98.7494974187053,44.9404761904762
"Jimboomba","",152,3.175031552,6389.70892068,98.7985902091754,45.2380952380952
"Launceston","",153,3.15788144,6392.86680212,98.8474178221688,45.5357142857143
"Canada Bay","",154,3.074974016,6395.941776136,98.8949635087536,45.8333333333333
"Outback - North","",155,2.904081105,6398.845857241,98.939866824787,46.1309523809524
"Holdfast Bay","",156,2.548634314,6401.394491555,98.9792741718677,46.4285714285714
"Campaspe","",157,2.38148538,6403.775976935,99.0160970383032,46.7261904761905
"Blacktown - North","",158,2.163247294,6405.939224229,99.0495454763423,47.0238095238095
"Nundah","",159,2.136615174,6408.075839403,99.0825821247454,47.3214285714286
"Upper Murray exc. Albury","",160,2.105608921,6410.181448324,99.1151393500446,47.6190476190476
"Bringelly - Green Valley","",161,2.098825287,6412.280273611,99.1475916858278,47.9166666666667
"Yarra","",162,1.913346453,6414.193620064,99.177176121439,48.2142857142857
"Wangaratta - Benalla","",163,1.912173855,6416.105793919,99.2067424261727,48.5119047619048
"Canterbury","",164,1.90936742,6418.015161339,99.2362653374085,48.8095238095238
"Heathcote - Castlemaine - Kyneton","",165,1.802279162,6419.817440501,99.2641324347331,49.1071428571429
"Yarra Ranges","",166,1.746833718,6421.564274219,99.2911422266987,49.4047619047619
"Botany","",167,1.662311411,6423.22658563,99.3168451227045,49.702380952381
"Whitehorse - West","",168,1.652308109,6424.878893739,99.3423933462287,50
"Lachlan Valley","",169,1.636923762,6426.515817501,99.3677036947866,50.297619047619
"Sutherland - Menai - Heathcote","",170,1.622641693,6428.138459194,99.3927932119576,50.5952380952381
"Mount Druitt","",171,1.559721746,6429.69818094,99.4169098519386,50.8928571428571
"Buderim","",172,1.556820039,6431.255000979,99.4409816253123,51.1904761904762
"Kalamunda","",173,1.503594342,6432.758595321,99.4642304153714,51.4880952380952
"Albany","",174,1.452475017,6434.211070338,99.4866887911402,51.7857142857143
"Whitehorse - East","",175,1.420513061,6435.631583399,99.508652966589,52.0833333333333
"Albury","",176,1.392879877,6437.024463276,99.5301898738076,52.3809523809524
"Nillumbik - Kinglake","",177,1.336805463,6438.361268739,99.5508597504432,52.6785714285714
"Rockingham","",178,1.331302653,6439.692571392,99.5714445418463,52.9761904761905
"Casey - North","",179,1.306864962,6440.999436354,99.5916514741873,53.2738095238095
"Gold Coast - North","",180,1.305658594,6442.305094948,99.6118397534944,53.5714285714286
"Dubbo","",181,1.237522678,6443.542617626,99.6309745055553,53.8690476190476
"Kogarah - Rockdale","",182,1.232862442,6444.775480068,99.6500372003828,54.1666666666667
"Latrobe Valley","",183,1.195260077,6445.970740145,99.6685184820823,54.4642857142857
"Penrith","",184,1.18424621,6447.154986355,99.6868294658002,54.7619047619048
"Adelaide Hills","",185,1.170107954,6448.325094309,99.7049218417883,55.0595238095238
"Gungahlin","",186,1.126260567,6449.451354876,99.722336243228,55.3571428571429
"Joondalup","",187,1.101169387,6450.552524263,99.7393626812658,55.6547619047619
"Surf Coast - Bellarine Peninsula","",188,1.069045364,6451.621569627,99.7558924130805,55.952380952381
"Campbelltown (NSW)","",189,1.049699602,6452.671269229,99.7721230179653,56.25
"Boroondara","",190,1.035074,6453.706343229,99.7881274797071,56.547619047619
"Maribyrnong","",191,1.03086407,6454.737207299,99.8040668469111,56.8452380952381
"Marion","",192,0.952858289,6455.690065588,99.8188000776092,57.1428571428571
"Townsville","",193,0.932754466,6456.622820054,99.8332224601303,57.4404761904762
"Fairfield","",194,0.932412669,6457.555232723,99.8476395577373,57.7380952380952
"Dandenong","",195,0.917238909,6458.472471632,99.8618220365043,58.0357142857143
"Mandurah","",196,0.847144614,6459.319616246,99.8749207072896,58.3333333333333
"Port Phillip","",197,0.838974739,6460.158590985,99.8878930543031,58.6309523809524
"Melville","",198,0.837581266,6460.996172251,99.9008438552385,58.9285714285714
"Cardinia","",199,0.821345792,6461.817518043,99.9135436209604,59.2261904761905
"Whittlesea - Wallan","",200,0.746607137,6462.56412518,99.9250877669444,59.5238095238095
"Wyndham","",201,0.661630993,6463.225756173,99.9353179996762,59.8214285714286
"Frankston","",202,0.645497782,6463.871253955,99.9452987783997,60.1190476190476
"Melbourne City","",203,0.571456654,6464.442710609,99.9541347226472,60.4166666666667
"Glen Eira","",204,0.569096252,6465.011806861,99.9629341700225,60.7142857142857
"Onkaparinga","",205,0.518444976,6465.530251837,99.9709504401477,61.0119047619048
"Bankstown","",206,0.493581954,6466.023833791,99.9785822746825,61.3095238095238
"Monash","",207,0.481684431,6466.505518222,99.9860301480206,61.6071428571429
"Brimbank","",208,0.472810333,6466.978328555,99.9933408087903,61.9047619047619
"Stirling","",209,0.430677132,6467.409005687,100,62.202380952381
"Snowy Mountains","NSW",210,0,6467.409005687,100,62.5
"Young - Yass","NSW",211,0,6467.409005687,100,62.797619047619
"Bourke - Cobar - Coonamble","",212,0,6467.409005687,100,63.0952380952381
"Broken Hill and Far West","",213,0,6467.409005687,100,63.3928571428571
"Lord Howe Island","",214,0,6467.409005687,100,63.6904761904762
"Lower Murray","",215,0,6467.409005687,100,63.9880952380952
"Griffith - Murrumbidgee (West)","",216,0,6467.409005687,100,64.2857142857143
"Wagga Wagga","",217,0,6467.409005687,100,64.5833333333333
"Hurstville","",218,0,6467.409005687,100,64.8809523809524
"Camden","",219,0,6467.409005687,100,65.1785714285714
"St Marys","",220,0,6467.409005687,100,65.4761904761905
"Auburn","",221,0,6467.409005687,100,65.7738095238095
"Parramatta","",222,0,6467.409005687,100,66.0714285714286
"Liverpool","",223,0,6467.409005687,100,66.3690476190476
"Ballarat","",224,0,6467.409005687,100,66.6666666666667
"Creswick - Daylesford - Ballan","",225,0,6467.409005687,100,66.9642857142857
"Maryborough - Pyrenees","",226,0,6467.409005687,100,67.2619047619048
"Bendigo","",227,0,6467.409005687,100,67.5595238095238
"Loddon - Elmore","",228,0,6467.409005687,100,67.8571428571429
"Barwon - West","",229,0,6467.409005687,100,68.1547619047619
"Geelong","",230,0,6467.409005687,100,68.452380952381
"Upper Goulburn Valley","",231,0,6467.409005687,100,68.75
"Wodonga - Alpine","",232,0,6467.409005687,100,69.047619047619
"Baw Baw","",233,0,6467.409005687,100,69.3452380952381
"Gippsland - South West","",234,0,6467.409005687,100,69.6428571428571
"Wellington","",235,0,6467.409005687,100,69.9404761904762
"Darebin - South","",236,0,6467.409005687,100,70.2380952380952
"Essendon","",237,0,6467.409005687,100,70.5357142857143
"Stonnington - West","",238,0,6467.409005687,100,70.8333333333333
"Manningham - West","",239,0,6467.409005687,100,71.1309523809524
"Bayside","",240,0,6467.409005687,100,71.4285714285714
"Kingston","",241,0,6467.409005687,100,71.7261904761905
"Stonnington - East","",242,0,6467.409005687,100,72.0238095238095
"Banyule","",243,0,6467.409005687,100,72.3214285714286
"Darebin - North","",244,0,6467.409005687,100,72.6190476190476
"Keilor","",245,0,6467.409005687,100,72.9166666666667
"Macedon Ranges","",246,0,6467.409005687,100,73.2142857142857
"Moreland - North","",247,0,6467.409005687,100,73.5119047619048
"Sunbury","",248,0,6467.409005687,100,73.8095238095238
"Tullamarine - Broadmeadows","",249,0,6467.409005687,100,74.1071428571429
"Knox","",250,0,6467.409005687,100,74.4047619047619
"Maroondah","",251,0,6467.409005687,100,74.702380952381
"Casey - South","",252,0,6467.409005687,100,75
"Hobsons Bay","",253,0,6467.409005687,100,75.297619047619
"Melton - Bacchus Marsh","",254,0,6467.409005687,100,75.5952380952381
"Mornington Peninsula","",255,0,6467.409005687,100,75.8928571428571
"Grampians","",256,0,6467.409005687,100,76.1904761904762
"Mildura","",257,0,6467.409005687,100,76.4880952380952
"Murray River - Swan Hill","",258,0,6467.409005687,100,76.7857142857143
"Moira","",259,0,6467.409005687,100,77.0833333333333
"Shepparton","",260,0,6467.409005687,100,77.3809523809524
"Glenelg - Southern Grampians","",261,0,6467.409005687,100,77.6785714285714
"Colac - Corangamite","",262,0,6467.409005687,100,77.9761904761905
"Warrnambool","",263,0,6467.409005687,100,78.2738095238095
"Carindale","",264,0,6467.409005687,100,78.5714285714286
"Sunnybank","",265,0,6467.409005687,100,78.8690476190476
"Darling Downs (West) - Maranoa","",266,0,6467.409005687,100,79.1666666666667
"Nerang","",267,0,6467.409005687,100,79.4642857142857
"Southport","",268,0,6467.409005687,100,79.7619047619048
"Beenleigh","",269,0,6467.409005687,100,80.0595238095238
"Loganlea - Carbrook","",270,0,6467.409005687,100,80.3571428571429
"Hervey Bay","",271,0,6467.409005687,100,80.6547619047619
"Adelaide City","",272,0,6467.409005687,100,80.952380952381
"Burnside","",273,0,6467.409005687,100,81.25
"Campbelltown (SA)","",274,0,6467.409005687,100,81.547619047619
"Norwood - Payneham - St Peters","",275,0,6467.409005687,100,81.8452380952381
"Prospect - Walkerville","",276,0,6467.409005687,100,82.1428571428571
"Unley","",277,0,6467.409005687,100,82.4404761904762
"Gawler - Two Wells","",278,0,6467.409005687,100,82.7380952380952
"Playford","",279,0,6467.409005687,100,83.0357142857143
"Port Adelaide - East","",280,0,6467.409005687,100,83.3333333333333
"Salisbury","",281,0,6467.409005687,100,83.6309523809524
"Tea Tree Gully","",282,0,6467.409005687,100,83.9285714285714
"Mitcham","",283,0,6467.409005687,100,84.2261904761905
"Charles Sturt","",284,0,6467.409005687,100,84.5238095238095
"Port Adelaide - West","",285,0,6467.409005687,100,84.8214285714286
"West Torrens","",286,0,6467.409005687,100,85.1190476190476
"Barossa","",287,0,6467.409005687,100,85.4166666666667
"Lower North","",288,0,6467.409005687,100,85.7142857142857
"Mid North","",289,0,6467.409005687,100,86.0119047619048
"Yorke Peninsula","",290,0,6467.409005687,100,86.3095238095238
"Eyre Peninsula and South West","",291,0,6467.409005687,100,86.6071428571429
"Outback - North and East","",292,0,6467.409005687,100,86.9047619047619
"Fleurieu - Kangaroo Island","",293,0,6467.409005687,100,87.202380952381
"Limestone Coast","",294,0,6467.409005687,100,87.5
"Murray and Mallee","",295,0,6467.409005687,100,87.797619047619
"Bunbury","",296,0,6467.409005687,100,88.0952380952381
"Manjimup","",297,0,6467.409005687,100,88.3928571428571
"Cottesloe - Claremont","",298,0,6467.409005687,100,88.6904761904762
"Perth City","",299,0,6467.409005687,100,88.9880952380952
"Bayswater - Bassendean","",300,0,6467.409005687,100,89.2857142857143
"Mundaring","",301,0,6467.409005687,100,89.5833333333333
"Swan","",302,0,6467.409005687,100,89.8809523809524
"Wanneroo","",303,0,6467.409005687,100,90.1785714285714
"Armadale","",304,0,6467.409005687,100,90.4761904761905
"Belmont - Victoria Park","",305,0,6467.409005687,100,90.7738095238095
"Canning","",306,0,6467.409005687,100,91.0714285714286
"Gosnells","",307,0,6467.409005687,100,91.3690476190476
"Serpentine - Jarrahdale","",308,0,6467.409005687,100,91.6666666666667
"South Perth","",309,0,6467.409005687,100,91.9642857142857
"Cockburn","",310,0,6467.409005687,100,92.2619047619048
"Fremantle","",311,0,6467.409005687,100,92.5595238095238
"Kwinana","",312,0,6467.409005687,100,92.8571428571429
"Wheat Belt - North","",313,0,6467.409005687,100,93.1547619047619
"Wheat Belt - South","",314,0,6467.409005687,100,93.452380952381
"Kimberley","",315,0,6467.409005687,100,93.75
"East Pilbara","",316,0,6467.409005687,100,94.047619047619
"West Pilbara","",317,0,6467.409005687,100,94.3452380952381
"Esperance","",318,0,6467.409005687,100,94.6428571428571
"Gascoyne","",319,0,6467.409005687,100,94.9404761904762
"Goldfields","",320,0,6467.409005687,100,95.2380952380952
"Mid West","",321,0,6467.409005687,100,95.5357142857143
"Brighton","",322,0,6467.409005687,100,95.8333333333333
"Meander Valley - West Tamar","",323,0,6467.409005687,100,96.1309523809524
"Central Highlands (Tas.)","",324,0,6467.409005687,100,96.4285714285714
"Burnie - Ulverstone","",325,0,6467.409005687,100,96.7261904761905
"West Coast","",326,0,6467.409005687,100,97.0238095238095
"Darwin City","",327,0,6467.409005687,100,97.3214285714286
"Palmerston","",328,0,6467.409005687,100,97.6190476190476
"Daly - Tiwi - West Arnhem","",329,0,6467.409005687,100,97.9166666666667
"East Arnhem","",330,0,6467.409005687,100,98.2142857142857
"Weston Creek","",331,0,6467.409005687,100,98.5119047619048
"Molonglo","",332,0,6467.409005687,100,98.8095238095238
"Uriarra - Namadgi","",333,0,6467.409005687,100,99.1071428571429
"Christmas Island","",334,0,6467.409005687,100,99.4047619047619
"Cocos (Keeling) Islands","",335,0,6467.409005687,100,99.702380952381
"Jervis Bay","",336,0,6467.409005687,100,100
