"individual_slope","annual_pct_change"
-0.09478193196277,-19.6070309796387
-0.101476567694006,-20.8367834110681
-0.171682145496349,-32.6530620534621
-0.153083347521348,-29.706259712514
-0.104423172922612,-21.3720727656362
-0.0446646203771026,-9.77323640930373
-0.154233419238106,-29.8921609819452
0.000841714013753492,0.193999750554408
-0.152572231202614,-29.6234830958305
-0.0479595457276827,-10.4551827871211
-0.0211546185780002,-4.75429924073981
-0.107879976669115,-21.9954342777414
-0.164478845085651,-31.5267163706576
-0.158662491160193,-30.6035093642952
-0.055090596885693,-11.9134900819207
-0.0555985214162167,-12.016450510612
-0.118070007602503,-23.8043826038107
-0.191835174649539,-35.7068320724115
-0.096096600346497,-19.8500234448912
-0.162054035572276,-31.1433381479435
0.016089841615252,3.77430694107055
0.132013389160794,35.5231193053778
-0.158923664812479,-30.6452301020557
-0.104926542968276,-21.4631538564534
-0.123093569751244,-24.6806730982019
0.0107615440853228,2.50889312157525
-0.0908561582365057,-18.8770300951317
-0.121956921087144,-24.483286886012
-0.116013830151494,-23.4427773201563
-0.0191930440272746,-4.323130720908
0.0117976533922611,2.75374360467759
-0.11968589733635,-24.0873586723447
-0.0457268395164316,-9.99364787846657
-0.0639051152963845,-13.6832887992061
-0.172037118190366,-32.7080859086548
-0.135172925069599,-26.7467200956124
-0.0215859394606439,-4.84884584009598
-0.0568967426738438,-12.2790639421057
-0.13700625616332,-27.0552997759323
-0.0343182020790891,-7.59790925866054
-0.0936520677281176,-19.3976076439238
-0.17655127860213,-33.4039115573111
-0.0501162883126056,-10.8987674599012
-0.120722470438074,-24.2683307377444
0.173118707525226,48.9768226638178
-0.229600021168035,-41.0613778486812
-0.236004160733597,-41.9241146432524
-0.0299406786017308,-6.66182148955663
-0.0966015651575126,-19.9431616244925
-0.0786055216289186,-16.5561222056276
-0.0461108023441025,-10.0731879657572
-0.0486815385837565,-10.603922896637
-0.152622882921681,-29.6316906228541
-0.120140382396131,-24.1667589790382
-0.144035610724467,-28.2264563095566
-0.107938228179656,-22.0058962551599
-0.200689881294632,-37.0044142167415
-0.126768827402278,-25.3153805196273
-0.0729455292669133,-15.4615130361315
-0.113505586359834,-22.9993460353986
-0.0142038845481689,-3.21766062495201
-0.122703191224642,-24.6129396409526
-0.098229704760322,-20.2427272297895
-0.0469320463199139,-10.2430774609576
-0.155013671017406,-30.0180033753853
-0.029090249508213,-6.47886896647133
-0.0234024710830417,-5.24600516383078
-0.146816744602854,-28.6846110121089
-0.00926048391393795,-2.10973231936952
-0.12580695609167,-25.1497864203985
-0.0427732545303371,-9.3794391974183
-0.173659686548941,-32.9590262830084
-0.14628330597397,-28.5969613688987
-0.143280244755244,-28.1015123598177
-0.0558740029264128,-12.0722425053333
-0.205946007337166,-37.7622343969443
-0.161925429950344,-31.1229449229137
-0.0758173469720363,-16.0186884065884
-0.252599296618323,-44.1014292925777
-0.103561393944621,-21.2158949399268
-0.0784885423779434,-16.5336431793897
-0.0437995103844481,-9.59332652528312
0.00163840059411755,0.37796818337803
-0.107988438885079,-22.0149129771277
-0.0401887505364989,-8.83854473574122
-0.133561723240606,-26.4744508676921
-0.130368825881006,-25.9319051375126
-0.13330371855358,-26.4307579979746
-0.150140638017838,-29.2283433293661
-0.109221786127791,-22.2360676343027
-0.081279129393801,-17.0682422127419
-0.114545993866548,-23.1835900887423
-0.0764183254194509,-16.1348217112927
-0.141600758547435,-27.8229310991535
0.0362774900900752,8.71200111566142
-0.125064413438505,-25.0217004796712
-0.068809141752311,-14.6524893938551
-0.0924899085459158,-19.1816291800073
-0.0947949293884553,-19.6094369185774
-0.064148524536817,-13.7316532138204
-0.135063582377486,-26.7282747329491
-0.14017557998302,-27.5856861386811
0.00628937420989696,1.45871888783826
-0.132982465364781,-26.3763177551242
-0.0946352374380158,-19.5798715271591
-0.15570483292025,-30.1292882841751
-0.101381096541464,-20.8193790123934
-0.140228262811647,-27.5944699470499
0.0746440055173545,18.7528402322177
-0.148497945324905,-28.9601469063905
-0.15793187154758,-30.486664431073
-0.015761376177301,-3.56412534066991
-0.198248504158931,-36.6492886492317
-0.0903353515655172,-18.7796889394094
-0.0802224109030286,-16.8662082731154
-0.116462713188796,-23.5218653269926
-0.168496675693485,-32.1572686500675
-0.0507944948032627,-11.0378018650371
0.0993910751290647,25.716150767433
-0.176877089995311,-33.4538537701908
-0.152738889550678,-29.6504845531028
-0.0877851895011065,-18.301363121165
-0.118092982582164,-23.8084133859848
-0.0573921839682173,-12.3790785532031
-0.176568504595858,-33.4065529932465
-0.125025166955159,-25.014924506983
0.119231280248919,31.5925431784186
-0.00521970785412895,-1.19468839495671
-0.234748191308229,-41.7559174550425
-0.0588315918052355,-12.6690050196608
-0.0660802412225376,-14.1145177098277
-0.189474744141347,-35.3564414431267
-0.0178181663648855,-4.01975954083984
0.0410511188417852,9.91352060591748
-0.148465262247046,-28.9548005607359
0.0241109117711329,5.70874377416144
-0.184345911959019,-34.5885030630028
-0.245773329994467,-43.2159100436708
-0.0958396331444102,-19.8025855646744
-0.138241098802456,-27.2624110664483
-0.109151073309963,-22.2234049026569
0.00147155856932099,0.339413590388071
-0.119540059006848,-24.0618625347844
-0.127464912596774,-25.4349888041968
-0.13528757270971,-26.7660553798497
-0.142640959479905,-27.9955992238405
0.00907494155757702,2.11156715249197
-0.0472709859258246,-10.3130997822345
-0.153744629377281,-29.8132115742949
-0.123445056521265,-24.7416064923621
-0.245745639802708,-43.2122894301643
-0.228435282524867,-40.9030976263833
-0.209382695323387,-38.2527948962793
-0.143339576376354,-28.1113341803239
-0.230772770939078,-41.2203184242655
-0.112623349228381,-22.8427659131058
-0.0367562819864824,-8.11519076549
-0.0836523438149677,-17.5201891745065
-0.0980457499650461,-20.2089371608412
-0.143588217868637,-28.1524799699412
-0.140156615421707,-27.5825239164167
-0.0597964414489039,-12.8628084242704
-0.146297450162907,-28.5992867993736
-0.386528889357119,-58.935067751006
0.15693330092791,43.5268987399977
-0.195290169985953,-36.2162821434372
-0.189844198897891,-35.4114103996128
-0.141873824041281,-27.8682986388779
-0.122366599770485,-24.5544897252179
-0.156590910959762,-30.2716980804829
-0.0684929613085583,-14.5903310189726
-0.167098183348633,-31.9384529193786
-0.02243602144964,-5.03491122782976
-0.0513108600400589,-11.1435128290881
-0.0773890182569589,-16.322059684919
0.086338993905223,21.9941467713583
-0.0575260069703055,-12.4060738037918
-0.160893431329062,-30.9590801964628
-0.178645430477351,-33.7242624436663
-0.0665043957602376,-14.198356983074
-0.198991687735223,-36.7576044336753
-0.18181009812297,-34.2054528856746
-0.0692966822047035,-14.7482470385737
-0.00509504172475024,-1.16632182719287
0.0443025516817084,10.7394983131862
0.198970941819023,58.1142243188527
0.0236292292050265,5.59156560468406
0.0182479957286791,4.29127952067208
-0.254925473359659,-44.4000339188167
-0.144152900429847,-28.2458375393068
-0.182401552832393,-34.2949958341941
0.019008128123007,4.47397720686193
-0.0655047750502685,-14.0006388758109
-0.196857983606707,-36.4461277892435
-0.164432348898355,-31.51938513071
-0.0901330816822595,-18.7418522874793
-0.322371455160808,-52.3976333790944
-0.112219355928959,-22.7709586269096
0.013417638112812,3.13774650504384
-0.0376929854657625,-8.31315798005624
-0.292551148936724,-49.0142454321237
-0.0873947847452189,-18.2278879145877
-0.149015814192152,-29.0448069792637
-0.0320975414852896,-7.12422333844562
0.0189012875405627,4.4482787737341
-0.116377669372703,-23.5068878646006
-0.0514836635917787,-11.1788613376225
-0.106881618547826,-21.8159107632133
-0.159027280067016,-30.661774993253
-0.113422629698984,-22.9846363683055
-0.113423137780867,-22.984726468663
-0.175042273113543,-33.1721134152047
0.0232402232902622,5.49702755595183
-0.104927565145262,-21.4633387044439
-0.00695284165291873,-1.58820385022281
0.214095452024918,63.7176310991327
-0.0901966659120287,-18.7537482676091
0.0402871084420888,9.72033083452721
-0.125719077650435,-25.1346391277034
-0.0538573080141322,-11.6629906790874
-0.122745578740964,-24.6202971240645
0.138995753453059,37.7196002556453
-0.13338640318943,-26.444763395704
-0.148663545032889,-28.9872297656447
-0.185071721150743,-34.6977299073057
-0.15222578518047,-29.5673198406549
-0.113593985646447,-23.0150176832275
-0.0974619002716992,-20.1015968242648
-0.186947595335473,-34.9791856244854
-0.0956278872795665,-19.7634747492581
-0.167643961173509,-32.0239321355653
-0.253882653934911,-44.2663679527383
-0.134668050027481,-26.661512339617
-0.125917913764871,-25.1689074201521
-0.197621328356897,-36.557736171139
-0.0554800765700232,-11.9924515430139
-0.226218532741546,-40.6006808169309
-0.056561262833091,-12.2112758946312
-0.0819595984783596,-17.1980810949826
-0.149614174959971,-29.1425000676572
-0.0779388579848886,-16.4279333373383
-0.0644054394012916,-13.7826717443123
0.145513246020881,39.801955439507
-0.0581464790691282,-12.5311289993475
-0.263164675800183,-45.4449040168897
-0.0789820682209287,-16.6284392434481
0.0163679186336885,3.84077449161575
0.144012269052377,39.3196160929203
-0.0888608475188078,-18.5034634405739
-0.174557162837667,-33.0974244456928
-0.105182015199408,-21.5093392997843
-0.0903814207533596,-18.7883041889014
-0.105335412692786,-21.5370581518082
-0.112030824343526,-22.7374254483376
-0.0842271144312721,-17.6292755592882
-0.0224421250525867,-5.03624586399661
-0.189586589309469,-35.3730871502796
-0.109424561152977,-22.2723676642242
-0.11980729106687,-24.1085747625743
-0.158469483196048,-30.5726615118476
-0.110943646024338,-22.5437701650353
-0.0713621180712893,-15.1527283051343
-0.128028947910928,-25.5317664570371
-0.137092191741017,-27.0697322061491
-0.132864660446206,-26.356344191811
-0.0596450519173003,-12.832428213015
-0.1156128032882,-23.3720518484356
-0.0216889360123113,-4.8714090527581
-0.0866024658253415,-18.0785682003005
-0.0939591703852837,-19.4545838664913
-0.0993854445129491,-20.4546942495289
-0.0918624323381136,-19.0647769999524
-0.165596038647804,-31.7026329578208
-0.020059328954366,-4.51378665724158
0.0658397884301289,16.3696661620866
-0.0804750349214434,-16.9145521651076
-0.166472913568319,-31.8403916259686
-0.112399795566347,-22.8030389003759
-0.104321237753707,-21.3536154928337
-0.260906944783253,-45.1605544527704
-0.14774387241133,-28.8366920508774
-0.100629455564133,-20.6822210844953
0.0548666727150245,13.4662423761954
-0.15593952306618,-30.1670357995778
-0.112359929035983,-22.795952196812
0.133071826876746,35.8538113224436
-0.0578645814270122,-12.4743351102075
-0.0812513560295231,-17.0629385129132
-0.00631976901903228,-1.44464401132425
-0.184373158280335,-34.5926066536149
-0.0966569136800485,-19.9533637927542
-0.144798536077633,-28.3524302512511
-0.113639958643141,-23.0231666309254
-0.105180524224333,-21.5090698332714
-0.162330567071296,-31.1871677979393
0.0357385181647706,8.57717008188452
0.0215650322909252,5.09088086739973
0.00344485918873669,0.796362371678372
0.0923649957635101,23.6986602062675
-0.146914881445931,-28.7007242181254
-0.0744632929208167,-15.756440792592
-0.186423353016819,-34.9006507929142
-0.159938698983872,-30.8071369689768
-0.0666584966320875,-14.2287966110697
-0.0683888175212771,-14.569847330253
-0.172090480598712,-32.7163536581882
-0.264899421578604,-45.6623842390743
-0.00301782532529847,-0.692471252369908
-0.0955472296256236,-19.7485717487391
-0.15557314822581,-30.1080992090798
0.0810829809324901,20.5266209380149
-0.089441591371598,-18.6123687674984
-0.169428944779017,-32.3027456193742
-0.17100277011145,-32.5476274709619
-0.2290583551205,-40.9878218421153
-0.0656693653109493,-14.0332250034421
-0.154651858213415,-29.9596767475361
-0.130659714724652,-25.9814990637492
-0.122694456259144,-24.611423365658
-0.180282444985534,-33.973609667048
-0.0351691765365595,-7.77878844408437
-0.0907857594073894,-18.8638790530849
-0.0898238274101005,-18.6839690316813
-0.104030570757659,-21.3009609901931
-0.130524809242457,-25.9585030252503
-0.176634102921356,-33.4166108892039
0.0195516910188689,4.60481868154823
-0.0661965683601956,-14.1375193246806
-0.0846872468230312,-17.7165006310824
-0.163932071962753,-31.4404547889545
-0.0781315141785172,-16.4649982927248
-0.149099009255342,-29.0583981176205
-0.0844486473923701,-17.6712820271324
-0.0793285651315308,-16.6949297666421
-0.126444675819736,-25.2596161119696
-0.0202301701684494,-4.55134129619038
0.0519737757755529,12.7129394093508
-0.0833347057879662,-17.4598423164866
-0.110431646952041,-22.4524015080284
0.0237751900431091,5.62705954778069
-0.243369106366491,-42.9006856006452
-0.0587278532760593,-12.6481420535124
-0.100691538416426,-20.6935588339014
0.0408041065818411,9.85102322519322
-0.040503580093864,-8.9046057187232
-0.134092764646258,-26.5643006142552
-0.255145062296445,-44.4281393907035
-0.113710232256662,-23.0356213196995
-0.021228156934569,-4.7704256702102
-0.0439238408064199,-9.619204567809
-0.261378471731316,-45.2200630235284
-0.107402193458735,-21.9095713861969
-0.0827076508415286,-17.3405808497589
-0.0320807618921707,-7.12063487965977
-0.124612870306495,-24.9437037654635
-0.0931641090458019,-19.3069946097412
-0.193501695261494,-35.9530718497031
-0.0494490150925504,-10.761762346911
-0.105832421142151,-21.6268001153237
-0.0417724568957027,-9.17037041050742
-0.148270836866591,-28.9229878555921
0.0758752320446658,19.0899826654631
-0.172762226435146,-32.8203443247045
0.0503214517716978,12.2849246191655
-0.0819084621220052,-17.1883309418097
-0.25262995516196,-44.1053752517167
-0.125059201855362,-25.0208007261567
-0.143145959093202,-28.07927761072
-0.170055010373185,-32.400265595489
-0.198659611291665,-36.709228638254
0.00949039672109903,2.20929594557255
-0.10018682016866,-20.6013387441603
-0.107839270964215,-21.9881226959124
-0.063472757482972,-13.5973142154173
-0.114952780242418,-23.2555072798335
-0.063538382832577,-13.6103693618965
-0.164901920753962,-31.5933883536155
-0.0941219285906531,-19.4847637830199
-0.0602170207892761,-12.9471529518559
-0.0644758063573465,-13.7966400532233
-0.136985537478576,-27.0518197540552
-0.0391657877766087,-8.62356459453426
-0.0792743337620933,-16.6845266178324
-0.120913080637856,-24.3015617869269
-0.107348043224514,-21.8998340332933
-0.107939215146589,-22.0060735024358
-0.148775131171975,-29.0054732001934
-0.176979744652037,-33.4695814959352
-0.189608357108908,-35.3763263128315
-0.141329228058669,-27.7777902937158
-0.120230269591114,-24.1824527818508
-0.223466602986321,-40.2230988961068
-0.0439330671476669,-9.62112463642129
-0.152835466095277,-29.6661268373875
-0.20527525570977,-37.6660362214177
-0.21337986521814,-38.8184979838712
-0.129485252963949,-25.7810600679102
0.032100823970421,7.67151502527834
-0.0582825062665513,-12.5585212015057
-0.0807356645148489,-16.9643985965313
-0.102281027517274,-20.9832846550468
-0.108549246246433,-22.1155506491512
-0.142122898002255,-27.9096553182508
-0.0160349570167255,-3.62485533031056
-0.104087009842651,-21.3111877219075
-0.054329732926964,-11.7590313048867
-0.0631504348193452,-13.5331644687194
-0.0433953703582456,-9.50915792028488
-0.157410842073346,-30.4032182147009
-0.109223444217668,-22.2363645281115
-0.202406933040598,-37.2529854962747
-0.192858566134548,-35.8581570847347
-0.0178802921131529,-4.03348851515171
-0.163173399229644,-31.3205828627454
-0.150441213691415,-29.2773075223009
-0.144967345141981,-28.3802740517616
0.062012552202383,15.3486596001907
-0.0829483993557046,-17.386389899683
-0.219975479345595,-39.7406391912696
-0.146260950552542,-28.5932857843112
-0.146635186464269,-28.6547911625682
-0.0693285689652629,-14.7545061612529
-0.260087536008082,-45.0569879948247
0.0133910918597948,3.13144240229231
-0.139462821542429,-27.4667431338829
-0.0963022893866887,-19.8879748097779
-0.0814154729058224,-17.0942739328419
-0.0857216075527403,-17.9122423456019
-0.181610042272251,-34.1751379340619
-0.115950737861362,-23.4316546336481
-0.0695263423648721,-14.7933172758903
-0.0302613865063316,-6.7307222999955
-0.3653638821924,-56.8842328510347
-0.105151894443171,-21.5038953437972
-0.110558966756094,-22.4751323930373
-0.124141855014134,-24.8622570912926
-0.17819679737065,-33.6557631784164
-0.113975695294471,-23.0826515160141
-0.0926507677181404,-19.2115581094602
-0.0159941190026127,-3.61579245999086
0.0113606654087483,2.65040457933041
-0.1398757928778,-27.5356823444402
-0.157306498790595,-30.3864949326212
-0.19845876809247,-36.6799525105144
-0.0568329413868919,-12.2661760976434
-0.0247387065416306,-5.53709581879596
-0.090899745556755,-18.8851714728898
-0.179167514250337,-33.803887442227
-0.0208537564259181,-4.68829390148441
-0.181411983220431,-34.145111803043
-0.135679355282434,-26.8320908620136
-0.103480784861552,-21.2012705222882
-0.103699093730207,-21.240870699825
-0.146864888830775,-28.6925163256315
-0.218051831855969,-39.473136670919
-0.04944200050242,-10.7603209868605
0.0211086246667501,4.98049704527987
-0.0839759133542295,-17.5816175740955
-0.138166633140034,-27.2499381538114
-0.0322505580326568,-7.15694083306012
-0.197386371161598,-36.5234040533726
-0.100097343117764,-20.5849786699462
-0.0839019516282524,-17.5675802672277
-0.197011682901996,-36.4686158876981
-0.232184546426616,-41.4110852521741
-0.125453265870324,-25.0888034404382
-0.135394156264133,-26.7840260811076
-0.251910160199922,-44.0126592951514
-0.05236056970595,-11.3580236850355
-0.0923482607036604,-19.1552654673691
-0.193972940725572,-36.0225303776561
0.0509002638046354,12.4346736877165
-0.16258439089508,-31.2273737729363
-0.160239088708523,-30.85497924984
-0.0761599580868398,-16.0849144021132
0.0376624125463319,9.05922635134033
-0.25375477016534,-44.2499540291431
-0.239696930710501,-42.4158355881748
-0.156666549542498,-30.283841202019
-0.109157929618534,-22.224632770264
-0.0162069724707558,-3.6630200601883
0.0449555434597984,10.9061280430406
-0.179178049027136,-33.8054931564182
-0.122701862521716,-24.6127089975411
-0.0572609651612679,-12.3526005518156
-0.168485197225575,-32.1554755328665
-0.17653931215796,-33.4020765596618
-0.254665350911203,-44.3667221175964
-0.0858486638045135,-17.9362542493514
-0.357582259456012,-56.1047284002793
-0.059858967189246,-12.875352735702
-0.13302874493806,-26.3841628722094
-0.1762075055998,-33.3511754493224
-0.0449252614063584,-9.82736958883715
-0.148867625271823,-29.020591687565
-0.0727216666336649,-15.4179253611827
-0.0927750637033091,-19.2346766213358
-0.0677157118233201,-14.4373379159307
-0.0404145264887985,-8.88592437370085
-0.0453161330418986,-9.90848981675069
-0.18889101650462,-35.2694967464612
-0.123271668214492,-24.7115542325559
-0.203564304239282,-37.4199802660022
-0.0885334347086966,-18.4420003739337
0.0568556062303157,13.9870741534547
0.0158641149751193,3.72038376189718
-0.112458855720752,-22.8135362809244
-0.176987455178184,-33.4707626759848
-0.0359537257752995,-7.94523488069131
-0.119940225300008,-24.1318009949502
-0.0682111589061171,-14.5348929202544
0.0127044430531697,2.96851348519538
-0.048821369926992,-10.6327014371969
-0.224417172092441,-40.353793477867
-0.20450009618171,-37.5546788015025
-0.0675050327072695,-14.3958208352321
-0.0711563998455541,-15.1125280134913
-0.201840851834983,-37.1711445648921
-0.0750764525379276,-15.8752963235239
-0.178147154143588,-33.6481790842225
-0.00655039719884973,-1.4969670529282
-0.0640824543463069,-13.7185280189913
-0.0433239815141304,-9.49428191364836
-0.137944742454626,-27.2127590362816
-0.0193089640454573,-4.34866497210693
-0.120656121623691,-24.2567600397102
-0.0592799749241807,-12.7591225285847
-0.174672371978829,-33.115169930211
-0.00920489188231,-2.09720103611343
0.222231298753901,66.8135400009091
-0.143177855488105,-28.0845595740416
-0.0766359409418423,-16.1768342020731
-0.00550967657372678,-1.26063647485385
-0.109913808445457,-22.3598811449815
-0.0758271938762601,-16.0205925214032
-0.182356688050159,-34.2882078295221
0.0184275869391916,4.33441539059496
-0.0656173553323714,-14.0229292293799
-0.307788952969382,-50.7721297755462
-0.131750556605225,-26.1671822032999
-0.105783665713258,-21.6180011698441
-0.114352962297141,-23.1494397861747
-0.188359265768955,-35.1901920925652
-0.129337055516109,-25.7557294804974
-0.190949541096901,-35.5755886739265
-0.14008777882453,-27.571044683033
-0.0929036051228865,-19.2585778071217
-0.140095443940395,-27.5723230125038
-0.176169831117219,-33.3453934995195
-0.0710149958624243,-15.0848846021768
-0.0494229931954601,-10.7564152428061
-0.166460397458485,-31.8384272781053
-0.256327166815578,-44.5791945578681
-0.0470115002324834,-10.2594969335908
-0.079384349033444,-16.7056293808921
-0.0986801533474732,-20.3254082845333
0.0721639648796085,18.0766341680147
-0.0887834344336836,-18.4889353705671
-0.0644131804826523,-13.7842085112583
-0.132020324856397,-26.2130302767808
-0.110495327039535,-22.463771387307
-0.163952013971536,-31.4436028456769
-0.287786148837084,-48.4517588950319
-0.108327129650008,-22.0757070542866
-0.00363907239791963,-0.834426559012236
-0.181077404230664,-34.0943578736433
-0.0915691394867467,-19.0101004140353
-0.299269496637314,-49.7969036917307
-0.1686241046827,-32.1771718789952
-0.089179949669301,-18.5633218304846
-0.168664899989016,-32.1835424943635
-0.0138164386717181,-3.13127995170602
-0.064078467424675,-13.7177359319158
0.00728872143961178,1.69245254006953
-0.11691163177212,-23.6008778844726
-0.0991459547189061,-20.4108172415304
-0.136749497366408,-27.0121614636207
-0.172051003896996,-32.7102374000482
-0.068468847837309,-14.585588658984
-0.14585731665647,-28.5268894350618
-0.156454120467499,-30.2497321761799
-0.0723130511943825,-15.3383070212878
-0.155737021074344,-30.1344666274131
-0.0301114570322669,-6.69851782032512
-0.208871429432959,-38.1800612314784
-0.0668622323077996,-14.2690240525966
-0.137020205296701,-27.0576426539899
-0.138298661138607,-27.2720512259675
-0.0896137034352917,-18.6446165128828
-0.214022754079169,-38.9089983465747
-0.0938865485979322,-19.4411141094218
-0.127318242281031,-25.409802390054
-0.074054716142526,-15.6771486086471
-0.136108147325995,-26.9042960949301
-0.0851461751930392,-17.8034054589331
-0.21387753810255,-38.8885678019201
0.0571560348551005,14.0659534134646
-0.0550675988114688,-11.9088253352631
-0.0703918311905693,-14.9629533210375
-0.113546508697638,-23.0066012469003
0.000838625828192122,0.193287292588318
-0.17945370564346,-33.8474949890041
-0.0891832897651399,-18.5639481457505
-0.139973281702454,-27.5519470418038
-0.046976699036943,-10.2523054953872
-0.10713161205709,-21.860903023592
-0.194131968036536,-36.0459529695853
-0.0217439131404084,-4.88345057282578
-0.106237589655642,-21.6998831187909
-0.0863322435253917,-18.0275800183265
-0.0940902298821006,-19.4788868440815
-0.0875644332766818,-18.2598243313472
-0.0735502398873176,-15.5791423151987
-0.128342274399752,-25.5854730000945
-0.00917022184268987,-2.08938507356151
-0.0120277769109937,-2.73149898824739
-0.0493225231161714,-10.735767162696
-0.0984742142066659,-20.2876182398446
-0.137994084633589,-27.2210282572939
-0.174247604712089,-33.049720365941
-0.0988457375391963,-20.3557801605498
-0.124416791684946,-24.9098091191454
-0.197775241013103,-36.5802159347238
-0.102665539832778,-21.0532129072474
-0.0930951396765827,-19.2941789101462
-0.0219497930683505,-4.92853046278311
0.038107587938268,9.17107528749534
-0.185214057696308,-34.7191286976005
-0.158621488701804,-30.5969572178526
-0.0719313658390025,-15.2638682850717
-0.138426085710059,-27.2933869064326
-0.0668816926237974,-14.2728654887055
-0.110212862538161,-22.4133255334553
-0.173294681609419,-32.9026576816444
-0.208354283050572,-38.1064038375349
-0.0851251782505424,-17.7994313838244
-0.0558225269408623,-12.0618200007611
-0.100224801731072,-20.6082823123333
-0.202562982508944,-37.2755275264416
-0.17475172898391,-33.1273904283177
-0.00215126769039065,-0.494122868028779
-0.0954761838779623,-19.7354424336387
0.0267338630343602,6.34911079466063
-0.21043049425158,-38.4015894890412
-0.0580004372461638,-12.5017105702722
0.0532585209728209,13.0468644582785
-0.122960569011184,-24.6576033593401
-0.115315528806995,-23.3195820783736
-0.183355526033878,-34.4391653405734
-0.0880995300829622,-18.3604748676686
-0.0503056661804685,-10.937612353623
-0.187375815058277,-35.0432653535893
-0.153134749125946,-29.7145789460739
-0.166357165366744,-31.82222330045
-0.146596452782806,-28.6484277710329
-0.0776552035113436,-16.3733313684813
-0.0426868210453678,-9.36140205744294
-0.105119172985241,-21.4979809150942
-0.0432183197056943,-9.47225961851009
-0.212419596555963,-38.6830698786056
-0.141766980269753,-27.8505508400378
-0.22084046705411,-39.860538788294
-0.154834555518075,-29.989134840289
-0.0477844239773411,-10.4190681050366
0.0556585153165039,13.6733123869955
0.00893037339257434,2.07758185962779
-0.245073667123725,-43.1243552549469
-0.0132833683486985,-3.01230642986916
-0.112834452157982,-22.8802615774335
-0.108893114073146,-22.1771939752159
-0.0968328237414594,-19.9857799479696
-0.226697796476237,-40.6661945148436
-0.137152602506203,-27.0798761684993
-0.0902285154406085,-18.7597063445413
-0.144029436677859,-28.2254359503941
-0.131518922113265,-26.1277923662884
-0.157253202871341,-30.3779515512091
-0.102104597476383,-20.9511779739808
0.0410207945870729,9.90584625274657
-0.170318522775339,-32.4412699508643
-0.209706718238421,-38.2988467076136
-0.233047399566121,-41.5273737259738
-0.102844563926258,-21.0857495038743
0.0082977432651776,1.9289952560364
-0.112628157466246,-22.843620145191
0.0062311439099742,1.44511619237835
-0.0953137732391687,-19.7054207401118
-0.0680472637877132,-14.5026338015739
-0.0445858955522577,-9.75687946652576
-0.0707573982210967,-15.0345030689272
-0.0456237314337247,-9.97227647145069
-0.182342929256872,-34.2861259949044
-0.143785271632702,-28.1850721703944
-0.0219946304902479,-4.93834532280866
-0.107858763777879,-21.9916240916817
-0.197892321711944,-36.5973108603105
-0.152182465443737,-29.5602940149422
-0.251132055344958,-43.9122595144718
-0.149404112272893,-29.1082189110653
-0.202856279335266,-37.3178736275044
-0.0516587793119891,-11.2146684751933
-0.135931938526422,-26.8746325369319
-0.0804090461482106,-16.9019268070615
-0.113471824808969,-22.9933598609163
-0.0984233726243611,-20.2782859986691
-0.0825354070238986,-17.3077911224238
-0.0667634574690721,-14.2495233987165
-0.0367142168008263,-8.10629049409983
0.0399543696057977,9.63629975715135
-0.1661890712263,-31.7958299121084
-0.0812102229479926,-17.0550829710794
-0.0227948722611625,-5.11334700190228
-0.120711511046645,-24.2664196301578
-0.203807282828862,-37.4549826727793
-0.135249761363162,-26.759679073631
-0.316528759971906,-51.7528971331026
-0.227656315202767,-40.7970040261248
-0.0847398272808801,-17.7264621718203
-0.0210161538295383,-4.72392751108964
0.00145951355482618,0.336630748372579
-0.208835381895676,-38.174929807694
0.0674675676727364,16.8066497508514
-0.165894900038458,-31.7496158817267
-0.164076212122207,-31.4632055823639
-0.162522761366576,-31.2176137473067
-0.135409742664233,-26.7866536829613
-0.0386136850088983,-8.50732718951926
-0.062477860010592,-13.3991529337926
-0.0841199783217927,-17.608953017986
-0.0989165858808756,-20.3687718077022
-0.0372506243499284,-8.21972055806059
-0.0883133204601296,-18.4006537101812
-0.189277194457321,-35.3270300184182
-0.153454630221362,-29.766328854236
-0.17182977855139,-32.6759519239634
-0.0949755864153201,-19.6428706841157
-0.168583424725912,-32.1708186807527
-0.0613239192179182,-13.1687444568745
-0.109598348245626,-22.3034648977278
-0.175214989836579,-33.1986852442458
-0.157872771724391,-30.4772042478244
-0.0250017247182956,-5.59428728656323
-0.159172450921297,-30.6849486867071
-0.163675696741888,-31.3999703748801
-0.0649723958855246,-13.8951520605112
-0.0121002059175845,-2.74771948784095
-0.173579372808137,-32.9466273014425
-0.206890113440563,-37.8973851652956
0.0475738290094201,11.576781305356
-0.0554487959156305,-11.9861124506095
-0.137516988111433,-27.1410325974737
-0.0776083556225817,-16.3643099686114
-0.112105311264608,-22.7506758073214
0.0125853570488074,2.94028280684049
-0.148928982990434,-29.0306190471301
0.00249516617615798,0.576186851744698
-0.161150172756577,-30.9998829850004
-0.11698448833996,-23.6136934075674
-0.168756545977483,-32.1978517955941
-0.0235857515762369,-5.28598470682846
0.0383746800039861,9.23823638995014
-0.259307913443305,-44.9582686139954
-0.104797832439944,-21.439874681964
-0.0454984834011779,-9.94630924918534
-0.0427844515458444,-9.38177555393835
-0.0442387103320704,-9.68470815024893
0.180938494889642,51.6835536860718
-0.0412403040737966,-9.05900618402885
-0.0768035777412002,-16.2091835322357
-0.11138671571586,-22.6227511543695
-0.0794196004963137,-16.712390068333
-0.0670716839355181,-14.3103604357923
-0.110649658204567,-22.4913198160254
-0.104238521000298,-21.3386348899971
-0.0918507421449561,-19.0625983834521
-0.0944037158676481,-19.5369882786568
-0.199294795797816,-36.8017279326381
-0.104101398181056,-21.3137946684658
-0.131269215288549,-26.0853057603994
-0.0182612084769203,-4.11762310506096
-0.202528005257062,-37.2704756132487
-0.144116676508025,-28.2398523709905
-0.220232939488434,-39.7763517930812
-0.184974267152802,-34.6830746868538
-0.16658165338263,-31.8574554747357
-0.0611041681027443,-13.1247971023358
-0.114593416708359,-23.1919776085562
-0.0449087066435259,-9.82393225535818
-0.0457228953240239,-9.99283045158799
-0.0942112588007552,-19.501323291855
-0.0335554456809709,-7.43547980636298
-0.0820334981574393,-17.2121694956193
-0.122184664678486,-24.5228773932167
-0.1263221244123,-25.2385225174536
-0.0626815718209231,-13.439764728767
-0.145643440193795,-28.4916824928596
-0.0715612582098415,-15.1916250097931
-0.101627768207348,-20.8643394499317
-0.168803880700346,-32.2052413000323
-0.0918117294723427,-19.0553274502255
-0.040866830863562,-8.98076749057947
-0.0939029445205001,-19.4441553921867
-0.156619769851756,-30.2763313760029
0.00381853933540649,0.883127942059203
-0.187807381334887,-35.107781973936
-0.105596940664363,-21.5842935590497
-0.145586159945909,-28.4822504497361
-0.00595092798676078,-1.36090659013506
-0.181082344546031,-34.0951075787816
-0.0823951300438629,-17.2810772511061
-0.0557040213939335,-12.0378211140909
-0.135935502858978,-26.8752326874501
-0.0634216707600842,-13.5871499377806
-0.114027533373944,-23.091831945048
-0.0244290288612475,-5.46971415421733
-0.121689298675366,-24.4367373811457
-0.0718091837487669,-15.2400257205866
-0.0581267231241768,-12.527149972266
-0.0428704155627203,-9.39971070159972
-0.132813442428631,-26.3476586002605
-0.00621247073932971,-1.42029157990511
-0.144978009063133,-28.3820326228822
-0.158210867728141,-30.531306322242
0.0495461416030253,12.0846504110987
-0.143119158240628,-28.0748391565497
-0.131844912165178,-26.1832215048116
-0.0332156480274407,-7.3630277813386
-0.077723830809075,-16.3865450267358
0.00668611611408941,1.55144702225904
-0.115143727851499,-23.2892423535075
-0.0591635179309264,-12.7357255640554
0.0213151085427941,5.0304215429096
-0.116150748499462,-23.4669094165582
-0.152254061419185,-29.5719054537075
-0.052217717563453,-11.3288619536453
-0.083835342587725,-17.5549363914637
-0.0866618351202742,-18.0897663283644
-0.119605816494535,-24.0733596256478
-0.0205058964393287,-4.6119208136726
-0.165305009117723,-31.6568501703526
-0.141669269604235,-27.8343163169175
-0.00203772916027831,-0.468105434181065
-0.0630330297234462,-13.5097862775651
-0.151824225536364,-29.5021658892691
-0.0188586088352295,-4.24942489038188
-0.0797009646794486,-16.7663317182188
-0.0186748925758326,-4.20891169154631
-0.16132933677207,-31.0283424495289
-0.161214831419739,-31.0101551008369
-0.213643527657675,-38.8556303193061
-0.0291924103323852,-6.50086572805656
-0.0818886384462601,-17.1845508589143
-0.119475833929432,-24.0506316911915
-0.218160184726323,-39.4882357375682
0.0568042732457572,13.9736018410783
-0.114602379466879,-23.1935627188496
0.0137120057029514,3.20767762948166
-0.0620772718337304,-13.3192364687628
-0.0813230253802466,-17.0766240538652
-0.0548278933611111,-11.8601906782834
-0.0789956954677805,-16.6310552265236
-0.0623118829739602,-13.3660498215769
-0.09907133383169,-20.3971409782331
0.0232375781350048,5.49638500768357
0.110575638926488,28.9958203989336
-0.109927515139404,-22.3623314928405
-0.0986085803866907,-20.3122766040962
-0.065929690828348,-14.0847399089273
-0.0667921395269852,-14.2551864200626
-0.0826571970258875,-17.3309773997285
-0.185710471566907,-34.79370440053
-0.205069225846225,-37.6364578929899
0.0315714720602895,7.54035655338199
-0.0408145649986938,-8.96981297613632
-0.0337041885681786,-7.46717709254257
-0.073435392178352,-15.556814552384
0.167646141377233,47.111336612102
-0.0548431798527327,-11.863293008156
-0.0111451691175811,-2.53362119958367
-0.0367160703771452,-8.10668269719566
-0.0650204267954638,-13.9046743217495
0.0189549970059681,4.46119675531345
-0.0548721139443038,-11.8691647627126
-0.0953825454050263,-19.7181346822829
-0.165161371546703,-31.6342427737754
-0.12189266216808,-24.4721124834423
-0.0243695160373182,-5.4567594657094
-0.0808729757325615,-16.9906478761376
-0.0862872487114427,-18.019086875977
0.0966575790383813,24.9273647747402
-0.00350307196574079,-0.80336774223394
-0.171938171903926,-32.692752894242
-0.0197195675454171,-4.43905574211809
-0.0275558014417339,-6.14785594125745
-0.0109077867999588,-2.48033219820009
-0.175897996371858,-33.3036598130885
-0.117017976186761,-23.6195832229336
-0.113430926672045,-22.9861076932248
-0.121546209761092,-24.4118371186839
-0.13810435357202,-27.2395047555077
-0.125038576936095,-25.0172398320687
-0.0659629647555611,-14.0913221445302
-0.0847261515871656,-17.7238713826983
-0.0970261995795266,-20.0213994947725
-0.113717706715047,-23.0369459096247
-0.110221390484281,-22.4148490353897
-0.150920502571615,-29.3553142761759
-0.0351751118215757,-7.78004877654933
-0.0366606790038186,-8.09496156815795
-0.133544730285618,-26.471573923953
0.0325721054512817,7.78841988068784
-0.0725560090438164,-15.3856561616832
-0.0410758904297096,-9.02457155177722
-0.118165572999912,-23.8211474112479
-0.0102254946142802,-2.3270048975334
-0.298856123564239,-49.7490962968838
-0.110960705281785,-22.5468126163431
-0.0487021154513665,-10.6081583814134
-0.0974372472327123,-20.0970612051436
-0.0532924637131549,-11.5480246358154
-0.204148532380103,-37.5041085005373
-0.100360514465464,-20.6330875637523
-0.0357075990709854,-7.89305011131095
-0.0758650387848261,-16.0279102623791
-0.0875594347905526,-18.2588835423145
-0.157174727820651,-30.3653700249361
-0.0401942897054075,-8.83970743869853
-0.0983427104731368,-20.2634777926453
-0.0344849471541116,-7.63337974410575
-0.0950469846760437,-19.6560803561752
-0.0518524380471846,-11.2542504241781
-0.173563813330258,-32.9442249357612
-0.173727488392188,-32.9694918702497
-0.182933522603557,-34.3754289944423
-0.0760697580517555,-16.067483994717
-0.0632199106937258,-13.5469958176507
-0.159806276737133,-30.7860359147009
-0.133796159241996,-26.5141298987217
-0.0525930898525654,-11.4054696683991
-0.135727166379968,-26.8401454094094
-0.110275410181292,-22.4244988602817
-0.14232879410835,-27.9438247675972
-0.0350272557994809,-7.74864705018763
-0.0681196035721404,-14.5168737844073
-0.0585706433566495,-12.6165158990412
-0.0364954543097796,-8.05999020340029
-0.141251606253148,-27.7648808058829
-0.0720229729434652,-15.2817400595788
-0.0484787450917595,-10.5621697159972
-0.118839576222095,-23.9392814713817
-0.159520723832016,-30.7405120861432
-0.15682849425311,-30.3098329170664
-0.150806993971456,-29.3368479411944
0.0060209434418913,1.3960281836209
-0.115603705412717,-23.3704465808992
-0.0950476453334597,-19.656202576853
-0.13435094262805,-26.6079434581774
-0.0549649848285514,-11.8880089200091
-0.098179130859546,-20.2334388979402
-0.0950633236574535,-19.6591029898273
-0.115756246390702,-23.397357110295
-0.0194645187668296,-4.38291903942542
-0.0278055335700553,-6.20180817691945
-0.235458904921538,-41.8511546999283
-0.149685305660988,-29.1541044769377
-0.0895779158462883,-18.6379122301618
-0.0938280444804608,-19.430261233823
0.053351418313553,13.0710482247956
-0.134210980710929,-26.5842872784276
0.0668415967723963,16.6384116128686
-0.147957905934752,-28.8717548517134
-0.103386125831067,-21.1840936421054
-0.0727572978687235,-15.4248645240816
0.0042194751838826,0.976305130229993
-0.136622562378144,-26.9908255616362
-0.132786058683448,-26.3430144230492
-0.156363634687655,-30.2351981095921
-0.147155809615219,-28.7402670646684
-0.102644260469395,-21.0493446137333
-0.156418102368537,-30.2439472161263
-0.120489139721294,-24.2276319190269
-0.0596087027530688,-12.8251322396283
-0.160980919599447,-30.9729870328332
-0.0541358105286315,-11.7196209002201
-0.118068010735075,-23.8040322588198
-0.0611805835790238,-13.1400817220467
-0.113388727745995,-22.9786241501961
0.0236387676102207,5.59388473660989
-0.0659841929166744,-14.0955212277808
-0.0608287390093702,-13.0696834674287
-0.101063106217483,-20.761381748948
-0.136205366452552,-26.9206571251818
-0.0842334445826978,-17.6304761625205
-0.15339752406456,-29.757093096224
-0.108365358405769,-22.0825660354154
-0.0369546939231272,-8.15715970551017
-0.0732999023252423,-15.530466117971
-0.175023274463858,-33.1691898980279
-0.0468741245422701,-10.2311057978851
-0.10306652764453,-21.12607151072
-0.0651313116248166,-13.9266535254044
-0.129044655533474,-25.7057257755542
-0.180358665784439,-33.9851966036406
-0.0513371108186478,-11.1488835661671
-0.119413744113787,-24.0397726552541
-0.120807572378312,-24.2831692421393
-0.143882672862696,-28.2011766300815
4.85282996845748e-05,0.0111746782648581
-0.26179263099341,-45.272278294003
-0.19954855756214,-36.8386444057671
-0.151572171745708,-29.4612388121939
-0.0515686620623112,-11.1962433733252
-0.0598290562203158,-12.8693520323351
0.057536815789963,14.1660080742014
-0.0868426685254488,-18.1238653642818
-0.15772352021929,-30.4533076395608
-0.136195869661655,-26.9190590693573
